protein_seq_id,n_peptides,n_modified_sites
57271,1,1
57290,1,2
57429,1,1
57477,1,2
57504,1,0
57534,1,3
57622,1,2
57660,1,2
57712,1,1
57725,1,1
57769,1,0
58028,1,1
58539,1,1
58600,1,2
58632,1,1
58686,1,1
58777,1,1
58815,1,2
58943,1,1
59074,1,1
59098,1,2
59410,1,0
59455,1,0
59553,1,1
59564,1,1
59805,1,1
59884,1,1
59992,1,1
60013,1,2
60081,1,0
60089,1,2
60107,1,2
60157,1,2
60172,3,15
60177,3,15
60186,3,15
60267,1,3
60331,3,6
60473,1,1
60485,1,1
60667,1,2
60723,1,1
60844,1,1
61065,1,1
61185,1,1
61369,1,2
61585,1,2
61649,1,1
61705,1,2
61811,1,2
61983,1,2
62005,1,1
62048,1,1
62096,1,1
62163,1,3
62220,1,1
62255,1,1
62305,2,4
62354,1,3
62395,1,1
62444,1,1
62455,1,1
62488,1,1
62535,1,1
62651,1,1
62719,1,2
62791,1,2
62868,1,3
63057,1,1
63069,1,3
63148,1,1
63312,1,1
63602,1,1
63646,1,1
63718,1,2
63730,1,3
63734,1,1
63774,1,2
64126,1,1
64303,1,1
64306,1,1
64522,1,1
64554,1,1
64621,1,1
64624,1,2
64829,1,1
64855,1,0
65152,1,2
65377,1,1
65560,1,1
65589,1,0
65645,1,1
65649,1,1
65671,1,4
65834,1,1
65891,1,1
66183,1,1
66342,1,2
66648,2,0
66678,1,0
66875,1,1
66907,1,1
66969,1,1
66999,1,1
67332,1,1
67644,1,1
67720,1,3
68019,1,1
68360,1,1
68437,1,1
68442,1,2
68465,1,1
68477,1,2
68573,1,1
68706,1,1
68753,1,2
68770,1,3
68875,1,1
68911,1,2
69173,1,1
69376,1,1
69540,1,3
69648,1,0
69734,1,1
69786,1,3
69926,1,2
70070,1,2
70075,1,5
70083,1,0
70456,2,3
70457,1,0
70637,1,3
70903,1,1
70930,1,1
71096,1,0
71139,1,1
71424,4,8
71500,1,0
71503,1,2
71534,1,1
71733,1,2
71834,1,1
72431,1,2
72448,1,2
72506,2,0
72671,1,1
72787,1,0
72840,1,4
72852,1,1
72857,1,2
72873,1,2
73062,1,0
73218,1,1
73404,1,2
73491,1,3
73501,1,3
73657,1,1
73692,1,3
73750,1,1
73896,1,1
74213,1,1
74279,1,1
74282,1,1
74389,1,1
74417,1,1
74536,1,0
74715,1,1
74971,1,1
75283,1,1
75288,1,0
75331,1,3
75407,1,1
75421,1,2
75460,1,1
75669,1,2
75791,1,2
75796,1,2
75799,1,2
75884,1,1
75949,1,1
76029,1,1
76084,1,1
76267,1,1
76412,1,1
76414,1,1
76680,1,0
77022,1,2
77049,1,1
77298,1,1
77514,1,3
77704,1,0
77825,1,2
77834,1,0
77843,1,1
77960,1,1
78213,1,1
78262,1,2
78302,1,0
78328,1,2
78336,1,1
78352,1,3
78522,1,2
78585,1,2
78836,1,2
78927,1,2
79080,1,3
79140,1,2
79253,1,2
79312,11,43
79402,1,3
79543,1,3
79621,1,1
79622,1,3
79728,1,0
79873,1,0
79940,1,1
79950,1,2
80160,1,1
80537,1,1
80605,1,2
80619,1,1
80729,1,1
80734,1,1
80766,1,1
81119,1,1
81124,1,1
81131,1,3
81187,1,3
81243,1,3
81370,1,2
81371,1,2
81375,1,2
81477,1,1
81478,1,1
81525,1,1
81536,1,2
81656,1,1
81659,1,2
81750,1,0
81823,1,1
81954,1,0
82036,1,2
82078,1,0
82175,1,1
82183,1,1
82295,1,1
82357,1,1
82517,2,3
82519,1,2
82596,1,0
82828,5,13
82866,1,0
82871,1,1
83275,1,1
83365,1,1
83507,1,1
83660,1,1
83685,1,1
83827,1,1
84195,1,1
84713,1,2
84729,1,0
84745,1,1
84851,1,0
84897,1,1
84910,1,2
84938,1,2
85018,1,1
85028,1,3
85056,1,2
85058,1,2
85107,1,1
85161,1,0
85388,1,2
85389,1,2
85409,1,2
85456,1,2
85461,1,2
85705,1,0
85909,1,1
86102,1,2
86239,1,1
86327,1,0
86690,1,2
86693,2,2
86701,1,1
86827,1,1
86926,1,1
87041,1,1
87246,1,0
87311,1,0
87509,1,1
87692,1,2
87695,1,1
87722,1,3
87765,1,1
87793,1,1
87896,1,2
87913,1,1
87932,1,0
87969,1,1
88235,1,1
88318,1,1
88481,1,0
88491,1,1
88762,1,1
88796,1,2
88832,1,3
89031,1,2
89200,1,1
89221,1,1
89773,1,2
89981,1,1
89985,1,1
90182,1,1
90416,3,7
90422,6,17
90446,1,1
90454,1,1
90571,1,1
90663,1,0
90699,1,3
90749,1,2
90820,1,1
90825,1,3
90850,1,2
90908,1,1
91001,1,1
91043,1,1
91170,1,2
91188,1,1
91274,1,4
91465,1,4
91654,1,1
91736,1,0
91839,1,1
91841,1,3
91961,1,1
91969,1,0
92122,1,1
92305,1,1
92443,1,2
92533,1,2
92703,1,2
92759,1,1
92805,1,1
92866,1,2
92943,1,1
93080,1,1
93085,1,1
93092,1,1
93111,1,1
93246,1,2
93270,1,1
93353,1,1
93411,1,1
93615,1,1
93790,1,1
93846,1,0
93857,1,1
93897,1,3
93947,1,1
93982,1,1
94023,2,3
94270,1,3
94318,1,2
94411,1,1
94568,1,1
94593,1,4
94950,1,1
95170,1,2
95176,1,2
95289,1,1
95394,1,4
95518,1,2
95524,1,2
95543,1,2
95548,1,1
95680,1,3
96245,1,1
96287,1,2
96414,1,1
96527,1,1
96594,1,1
96645,1,2
96671,1,0
96755,1,1
96877,1,1
96914,1,2
97006,1,1
97012,1,1
97164,1,0
97188,1,1
97313,1,1
97718,1,1
97801,1,0
97804,1,1
97864,1,2
97904,1,0
97907,1,1
98524,1,2
98531,1,2
98539,1,1
98844,1,2
98991,1,1
99004,1,0
99017,1,1
99049,1,2
99088,1,2
99103,1,0
99118,1,2
99119,1,1
99150,1,1
99167,1,0
99172,1,2
99189,1,0
99191,1,2
99249,1,1
99298,1,1
99465,1,1
99608,1,1
99747,1,1
99754,1,1
99755,3,4
99814,1,1
99844,1,2
100074,1,0
100120,1,1
100194,1,4
100297,1,1
100300,1,1
100429,1,2
100450,1,1
100558,1,2
100681,6,25
100813,1,1
100946,1,1
101226,1,1
101265,1,2
101312,1,1
101441,1,2
101500,1,4
101613,1,3
101794,1,2
101989,1,1
101999,1,1
102015,1,1
102105,1,1
102220,1,1
102335,1,1
102369,1,3
102395,1,1
102411,1,1
102483,1,0
102685,1,0
102694,1,0
102745,1,1
102850,1,1
103144,1,0
103152,1,0
103175,1,1
103186,2,0
103203,1,1
103217,1,1
103382,1,0
103564,1,1
103792,1,1
103897,1,1
104168,1,2
104266,1,2
104291,1,2
104514,1,2
104573,1,3
104606,1,1
104734,1,2
104794,1,1
104856,1,2
104914,1,2
104930,1,4
105032,1,1
105036,1,1
105039,1,1
105154,1,0
105415,1,1
105438,1,4
105471,1,4
105810,1,2
105997,1,2
106001,1,0
106310,1,1
106952,1,2
106977,1,1
107165,1,3
107185,1,1
107717,1,1
107748,1,1
107829,1,1
107894,1,2
107964,1,1
107976,1,0
108100,1,1
108409,1,2
108424,1,1
108484,1,2
108806,1,1
109537,1,1
109662,1,0
109931,1,2
109998,1,2
110094,1,1
110187,1,3
110207,1,1
110399,2,2
110445,1,1
110635,1,1
110711,1,1
110841,1,1
110844,1,5
110854,1,1
110860,1,1
111013,1,1
111061,1,1
111220,1,3
111425,1,1
111490,1,1
111598,2,0
111657,1,2
111701,1,1
111811,1,0
111842,1,2
111864,1,2
111897,1,0
112036,1,1
112092,1,2
112104,1,1
112183,2,11
112195,1,1
112232,1,2
112419,1,0
112516,1,1
112568,1,4
112615,1,0
113012,1,1
113048,1,2
113050,1,0
113546,1,2
113548,1,2
113698,1,4
113717,1,2
113718,1,3
113755,1,1
113846,1,3
113945,1,1
113952,2,1
113957,2,1
113958,2,1
113982,1,1
114064,1,0
114132,1,0
114135,1,2
114147,1,2
114207,1,1
114213,1,1
114261,1,1
114266,1,1
114506,1,2
114640,1,1
114694,1,1
114809,2,2
115065,1,2
115108,1,1
115154,1,1
115219,1,1
115327,1,1
115499,1,3
115555,1,0
115637,1,1
115735,1,1
115802,1,2
115980,1,1
116433,1,1
116489,1,1
116545,1,1
116631,1,1
116677,1,1
116965,1,4
116974,1,2
116982,1,2
117249,1,3
117266,1,0
117298,1,1
117547,1,1
117569,1,0
117580,1,1
117582,4,0
117584,1,1
117607,1,1
117865,1,2
117987,1,2
118162,1,1
118189,1,1
118229,1,1
118741,1,0
118921,1,0
119007,1,0
119079,1,1
119139,1,0
119372,1,2
119377,1,1
119420,1,2
119463,1,1
119711,1,1
119841,1,1
119926,1,1
119965,1,2
120155,1,1
120331,1,2
120440,1,1
120459,1,1
120772,1,1
120963,1,4
120988,1,2
121021,1,1
121103,4,4
121263,1,0
121267,1,0
121328,1,1
121366,1,1
121419,1,3
121420,1,1
121460,1,1
121700,1,1
121747,1,1
121763,1,1
121941,1,0
121988,1,1
121994,1,1
122287,1,1
122294,1,1
122375,1,3
122861,1,1
123063,2,7
123079,1,0
123082,1,3
123394,1,1
123396,1,4
123461,1,3
123477,1,3
123567,1,3
123600,1,3
123653,1,0
123751,1,0
123808,1,2
123812,1,1
123851,1,1
123853,1,1
123871,1,1
123898,1,2
123971,1,1
124054,1,2
124064,1,1
124067,1,2
124072,1,3
124437,1,1
124651,1,1
124679,2,1
124736,1,1
124742,1,1
124769,1,0
124990,1,1
125078,1,2
125106,1,2
125119,1,1
125128,1,1
125217,1,1
125255,1,2
125358,1,0
125510,1,2
125532,1,2
125534,1,2
125587,1,2
125679,1,1
125691,1,2
125958,1,1
126003,1,1
126008,1,2
126083,1,0
126163,1,2
126363,1,2
126386,1,1
126478,1,1
126515,1,1
126529,1,1
126587,1,1
126597,1,1
126637,1,0
126833,1,1
126883,1,1
126937,1,1
126966,1,0
126989,1,1
127002,1,1
127094,1,2
127107,1,0
127141,1,1
127233,1,2
127287,1,1
127302,1,1
127388,1,1
127417,1,1
127705,1,2
127795,1,1
127857,1,2
127863,1,1
127891,1,1
128052,1,0
128099,2,2
128112,1,1
128629,1,3
128634,1,3
128675,1,2
128734,1,1
128762,1,1
128899,1,1
129034,1,0
129045,1,1
129055,1,1
129057,1,0
129064,1,1
129131,1,1
129267,1,2
129270,1,1
129353,1,1
129389,1,0
129396,1,1
129516,1,1
129606,1,1
129623,1,2
129722,3,3
129967,1,2
129971,1,2
130051,1,1
130360,1,1
130525,1,0
130597,1,1
130635,1,2
130638,1,1
130992,1,1
130997,2,3
131107,1,2
131260,1,1
131395,1,1
131450,1,1
131620,1,1
131670,1,1
131704,1,3
131732,1,3
131741,1,3
131758,1,3
131767,1,3
131775,1,3
131903,1,1
132230,1,1
132309,1,1
132673,1,1
132839,1,1
132853,1,1
132917,1,1
132979,1,1
133236,1,1
133248,1,2
133461,1,1
133567,1,1
133570,1,1
133739,1,1
133833,1,4
133849,1,1
133962,1,2
134066,1,3
134156,1,1
134349,1,1
134392,1,1
134497,1,2
134598,1,1
134814,1,1
134837,1,1
134851,1,2
134859,1,2
134914,1,2
134975,1,2
135517,1,1
135585,2,0
135659,1,2
135751,1,1
135754,1,0
135977,1,1
136034,1,1
136085,1,1
136151,1,2
136187,1,1
136296,1,1
136299,1,1
136417,1,1
136528,1,1
136771,1,3
136988,1,1
137232,1,1
137321,1,1
137484,1,1
137537,1,2
137624,1,1
137639,1,1
137693,1,2
137733,1,6
137956,2,3
138031,1,4
138232,1,2
138235,1,1
138530,1,1
138775,1,2
138877,1,0
138896,1,1
138927,1,3
138930,1,3
139228,1,2
139233,1,1
139293,1,2
139297,1,2
139299,1,2
139389,1,2
139508,1,2
139749,1,1
139795,1,1
139927,3,0
139971,1,1
140002,1,3
140105,1,3
140115,1,2
140205,1,1
140242,1,2
140245,1,2
140248,1,1
140313,1,1
140533,1,2
140565,1,1
140600,1,3
140612,1,2
140633,1,3
140648,1,2
140755,1,1
140826,1,3
140993,1,1
141406,1,2
141412,1,2
141445,1,1
141752,1,1
141851,1,1
141931,1,2
142061,1,3
142177,1,1
142329,1,1
142387,1,1
142430,1,3
142644,1,6
142871,1,1
142955,1,1
142968,1,1
143053,1,2
143439,1,1
143462,1,0
143624,1,1
143704,1,1
143753,1,2
143819,1,1
143869,1,0
143889,1,2
143892,1,2
143914,1,1
143931,1,1
144003,1,2
144121,1,3
144971,1,2
145094,1,2
145429,1,2
145441,1,2
145548,1,3
145642,1,1
145681,1,2
145722,1,1
145830,1,3
146183,1,1
146195,1,1
146298,1,1
146641,1,1
146855,1,1
146938,1,0
147070,1,1
147089,1,1
147326,1,1
147462,1,1
147572,1,1
147625,1,0
147646,8,53
147665,9,55
147763,1,1
147898,1,1
147955,1,2
147959,1,2
148048,1,2
148336,1,1
148343,1,0
148461,1,2
148495,1,1
148699,1,2
148787,1,2
148854,1,1
148974,1,1
148983,1,3
148984,1,1
149042,1,3
149137,1,0
149267,1,1
149291,1,1
149372,1,2
149436,1,1
149692,1,0
149723,1,1
149809,1,2
149829,1,1
149832,1,3
149972,1,2
150022,1,2
150088,1,1
150178,1,3
150208,1,1
150209,1,2
150212,1,1
150238,1,1
150252,1,1
150564,1,1
150576,1,1
150635,1,2
150781,1,2
150786,1,1
150789,1,1
151042,1,2
151402,1,2
151635,1,2
151662,1,1
151829,2,6
151865,1,1
151885,1,2
151893,1,1
151950,1,2
152164,1,2
152200,1,1
152276,1,1
152312,1,2
152338,1,2
152339,1,1
152340,1,1
152350,1,2
152416,1,0
152422,2,13
152584,1,1
152781,1,0
152793,1,0
153068,1,3
153099,1,2
153165,1,1
153179,1,2
153229,1,1
153625,1,0
153626,1,1
153704,1,0
153730,1,2
153767,1,2
153799,1,1
153802,1,2
153806,1,1
153854,1,2
154197,1,1
154262,1,1
154275,1,1
154591,1,2
154688,1,1
154693,1,1
154904,1,2
154906,1,3
154970,1,2
154989,1,2
155067,1,1
155097,1,1
155098,1,2
155113,1,0
155653,1,1
155872,1,1
156019,1,0
156133,1,2
156318,1,1
156534,1,1
156542,1,1
156600,1,2
156751,1,2
156783,1,0
157067,1,1
157096,1,1
157098,1,1
157149,1,0
157188,1,2
157232,1,1
157300,1,1
157303,1,0
157435,1,1
157446,1,1
157591,1,1
157990,1,2
158027,1,1
158138,1,1
158350,1,1
158413,1,1
158510,1,0
158514,1,1
158639,1,1
158771,1,1
158812,1,2
158822,1,1
159083,1,3
159111,1,1
159245,1,3
159530,1,1
159614,1,1
159968,1,1
160002,1,1
160103,1,0
160173,1,1
160220,1,2
160288,1,1
160354,1,1
160398,1,2
160419,1,1
160443,1,1
160535,1,0
160542,1,0
160601,1,2
160604,1,0
160683,1,2
160868,1,1
160875,1,1
160986,1,1
161032,1,1
161100,1,2
161102,1,1
161618,1,1
161631,1,1
161636,1,1
162095,1,0
162100,1,0
162122,1,1
162150,1,1
162159,1,1
162288,1,2
162397,1,2
162424,1,2
162427,1,2
162432,1,2
162455,1,1
162814,1,2
162853,1,3
162965,1,2
163016,1,1
163186,1,3
163219,1,1
163247,1,2
163322,1,1
163340,1,3
163358,1,2
163384,1,1
163492,1,1
163494,1,1
163503,1,1
163520,1,1
163558,1,2
163756,1,0
163769,1,1
163770,1,3
163905,1,2
164004,1,0
164218,1,2
164471,1,2
164539,1,1
164631,1,1
164840,1,2
164970,1,3
165035,1,2
165056,1,2
165155,2,4
165214,1,1
165456,1,1
165571,1,1
165610,1,0
166002,1,1
166007,2,2
166152,1,2
166213,1,1
166221,1,3
166231,1,0
166378,1,1
166468,1,1
166514,1,2
166602,1,1
166619,1,1
166844,1,0
166971,2,0
166992,1,1
167149,1,2
167198,1,1
167412,1,2
167768,1,2
167822,1,1
167898,1,3
167969,1,2
168056,1,2
168111,1,2
168141,1,2
168254,1,1
168481,1,2
168511,1,1
168591,1,1
168614,1,3
168738,1,0
168747,3,0
168809,1,0
169004,1,1
169041,1,2
169179,1,1
169183,1,3
169282,1,0
169289,1,2
169315,1,1
169367,1,1
169458,1,3
169465,1,2
169505,1,1
169528,1,2
169564,1,1
169870,1,2
169873,1,2
170347,1,1
170663,1,2
170692,1,1
170897,1,2
171066,1,1
171290,1,0
171729,1,1
171805,1,1
171844,1,3
171997,1,0
172015,1,2
172119,1,0
172120,1,0
172212,1,2
172426,1,2
172485,1,1
172610,1,2
172688,1,1
172781,1,2
172839,1,1
173194,1,2
173234,1,1
173369,1,1
173376,1,2
173394,1,3
173478,1,2
173598,1,1
173829,2,3
173982,1,1
174063,1,1
174104,1,1
174118,1,2
174125,1,1
174161,1,2
174262,1,1
174363,1,1
174489,1,1
174706,1,1
174948,1,1
175051,1,0
175295,1,2
175415,1,0
175518,1,1
175564,1,1
175596,1,1
176486,1,0
176801,1,1
176972,1,1
176996,2,5
176998,2,5
177175,1,1
177274,3,2
177609,1,1
177667,1,0
177756,1,1
177763,1,1
177766,1,1
177829,1,2
177862,1,2
177863,1,1
177884,1,1
177908,1,1
178073,1,1
178154,1,1
178155,1,0
178193,1,1
178422,1,1
178607,1,1
178740,4,20
178816,1,3
178837,1,1
178935,1,1
179131,1,3
179136,1,1
179153,1,2
179264,1,2
179462,1,1
179491,1,0
179497,1,1
179531,1,2
179539,1,2
179582,1,1
179585,1,0
179589,1,1
179781,1,7
179783,1,1
179828,1,1
179875,1,1
179888,1,0
180133,1,1
180154,1,1
180237,1,1
180335,1,2
180376,1,1
180457,1,1
180496,1,1
180622,1,1
180658,1,2
180688,1,1
180785,1,0
180878,1,1
181091,1,1
181261,1,3
181318,1,1
181419,1,0
182056,1,1
182178,1,1
182184,1,3
182261,1,2
182502,1,1
182516,1,0
182552,1,0
182650,1,1
182668,1,2
182787,1,2
182915,1,0
182923,1,0
182972,1,1
183069,1,0
183302,1,2
183339,2,2
183473,1,1
183558,1,0
183679,1,2
183760,1,1
183777,1,1
183840,1,2
184204,1,2
184475,1,2
184592,1,0
184606,1,2
184736,1,2
184823,1,2
184854,1,1
184969,1,1
185187,1,1
185190,1,2
185438,1,2
185470,1,1
185695,1,1
186132,1,0
186183,1,0
186213,1,2
186220,1,1
186457,1,1
186579,1,1
186717,1,0
186830,1,2
186925,1,0
186997,1,3
187152,1,3
187239,1,2
187250,1,1
187296,1,2
187353,1,2
187637,1,3
187731,1,3
187751,1,1
187794,1,2
187871,1,3
188009,1,2
188083,1,2
188145,1,0
188231,1,0
188451,1,1
188511,1,1
188534,1,1
188605,1,1
188624,1,1
188722,1,1
189335,1,3
189385,1,2
189548,1,2
189616,1,2
189865,1,1
189956,1,1
190092,1,1
190139,1,1
190140,1,1
190416,1,2
190418,1,2
190464,2,0
190518,1,2
190567,1,2
190579,1,0
190585,1,3
190597,1,3
190695,1,1
190824,1,0
190906,1,1
191009,1,1
191098,2,0
191107,1,4
191250,1,1
191347,1,2
191659,1,3
192010,1,2
192443,1,2
192510,1,0
192519,1,3
192537,1,1
192752,1,1
192828,1,4
192999,1,1
193020,1,1
193174,1,1
193191,1,0
193195,1,0
193247,1,1
193288,1,1
193634,1,2
193812,1,1
193874,1,1
193913,1,2
193938,1,1
193945,1,1
194123,1,1
194150,1,4
194251,1,1
194448,1,1
194614,1,1
194665,1,1
194724,1,1
194757,1,2
194778,1,1
194971,1,1
195152,1,1
195155,1,2
195271,1,0
195609,1,3
195874,1,1
195921,2,2
196131,1,0
196271,1,1
196286,1,1
196374,1,1
196420,1,0
196739,1,0
196830,1,1
196931,1,1
196972,1,1
197162,1,1
197423,1,2
197431,1,2
197622,1,3
197813,1,3
197872,1,1
197883,1,3
197917,1,1
198073,1,2
198176,1,3
198191,1,2
198265,1,2
198294,1,3
198384,1,1
198412,1,1
198478,1,0
198484,1,1
198742,1,0
198866,1,1
198928,1,1
199047,1,2
199072,1,2
199186,1,1
199371,1,2
199477,1,2
199549,1,1
199569,1,2
199586,1,1
199707,1,1
199916,1,1
200062,1,3
200333,1,1
200523,1,1
200543,1,1
200550,1,2
200634,1,1
200724,1,2
201190,1,1
201235,1,1
201280,1,2
201486,1,1
201488,1,1
201515,1,2
201603,1,1
201773,1,1
201848,1,0
201992,1,0
202103,1,1
202446,1,1
202529,1,3
202619,1,2
202654,1,1
202719,1,3
202869,1,1
202890,1,2
203017,1,1
203080,1,1
203097,1,1
203121,1,1
203135,1,1
203151,1,2
203226,1,2
203408,1,1
203983,1,2
204149,1,2
204187,1,0
204205,1,3
204338,1,0
204400,1,2
204421,1,1
204422,2,0
204426,1,0
204442,1,0
204483,1,2
204485,1,0
204523,1,0
204576,1,2
204667,1,2
204677,1,2
204825,1,1
204829,1,2
204861,1,3
205170,1,1
205189,1,1
205327,1,1
205617,1,3
206190,1,2
206631,1,1
206831,5,16
206947,1,1
207110,1,2
207192,1,1
207245,1,6
207256,1,0
207310,1,1
207460,1,1
207466,1,2
207549,1,2
207683,1,2
207750,1,1
207983,1,1
208005,1,3
208011,1,2
208051,1,1
208605,1,1
208718,1,2
208785,1,0
208797,1,1
208938,1,2
208953,1,1
209017,1,1
209414,1,2
209578,1,2
209821,1,1
209863,1,1
209956,1,0
209961,1,1
210131,1,1
210819,1,3
210823,1,1
211017,1,1
211309,1,1
211435,1,1
211441,1,1
211820,1,2
211892,1,1
211959,1,2
212053,1,1
212134,1,2
212301,1,1
212331,1,1
212368,1,1
212437,1,1
212548,1,3
212692,1,2
212697,1,1
212896,1,1
212965,1,2
213093,1,1
213097,1,3
213130,1,1
213243,1,2
213284,1,2
213341,1,2
213430,1,3
213441,1,1
213686,1,2
214143,1,1
214365,1,2
214372,1,2
214373,1,2
214379,1,2
214476,1,2
214563,1,1
214610,1,5
214654,1,3
214709,1,0
214729,1,3
214826,1,1
215180,1,2
215213,1,2
215444,1,1
215568,1,1
215639,1,2
215809,1,1
215863,1,1
215932,1,7
216189,1,2
216245,1,2
216250,1,1
216467,1,0
216591,1,1
216620,2,0
216633,1,1
216676,1,2
216715,1,0
216960,1,1
217005,1,1
217128,1,2
217171,2,1
217265,1,1
217266,1,1
217435,1,1
217523,1,0
217532,1,0
217544,1,1
217604,1,1
217903,1,1
217906,1,2
217955,1,1
217992,1,1
217993,1,1
218056,1,1
218061,1,2
218216,1,1
218331,1,1
218360,1,1
218469,1,2
218594,1,2
218745,1,5
218756,1,5
218839,1,2
218864,1,1
219551,1,1
219570,1,2
219677,1,1
219767,1,0
219869,1,1
220346,1,1
220373,1,1
220605,1,2
220668,1,1
220752,1,0
220832,1,1
220913,1,2
221303,1,1
221306,1,2
221386,1,1
221404,1,1
221534,1,1
221615,1,1
221677,1,2
221695,1,1
221810,1,1
221896,1,1
221956,1,0
222102,1,2
222128,1,1
222692,1,2
222771,1,3
222777,1,1
222790,1,0
222878,1,1
223054,1,2
223094,1,1
223152,1,1
223184,8,28
223187,1,1
223243,1,3
223245,1,3
223309,1,0
223415,1,1
223512,1,2
223651,1,1
223867,1,2
224027,1,0
224121,1,1
224499,1,2
224557,1,3
224650,1,2
224701,1,0
224707,1,0
224734,1,1
224843,1,1
224871,1,1
224937,1,2
225026,1,2
225059,1,0
225327,1,1
225366,1,1
225699,1,1
225718,1,1
225838,1,1
225856,1,3
225950,1,1
226003,1,0
226140,1,1
226166,1,2
226187,1,2
226212,1,2
226297,1,1
226303,1,1
226313,1,1
226566,1,1
226600,1,1
226726,1,1
226768,1,1
226959,1,1
226971,1,1
227045,1,0
227049,1,1
227184,1,1
227205,1,1
227206,1,1
228048,1,1
228616,1,1
228693,1,2
229027,1,2
229172,1,2
229221,1,1
229227,1,1
229602,1,1
229782,1,2
229812,1,3
229899,1,3
230095,1,1
230112,1,1
230139,1,1
230265,1,2
230332,2,2
230354,1,1
230491,1,3
230512,1,1
230570,1,1
230952,1,2
231151,1,1
231205,1,1
231258,1,0
231347,1,1
231363,1,1
231401,1,1
231493,1,2
231546,1,0
231675,1,0
231685,1,2
231686,1,2
231705,1,1
231828,1,1
232031,1,2
232371,1,1
232398,1,1
232437,1,3
232932,1,1
232937,1,3
232969,1,3
233017,1,1
233097,1,1
233222,1,3
233372,1,2
233577,1,2
233662,1,0
233675,1,2
233691,1,4
233756,1,2
233763,1,3
233831,1,1
233856,1,1
233897,1,1
233914,1,3
233929,1,3
233968,1,2
234028,1,1
234098,1,1
234224,1,2
234335,1,1
234362,2,2
234441,1,1
234560,1,1
234716,1,1
235034,1,1
235035,1,2
235121,1,1
235296,1,1
235350,1,3
235373,1,2
235502,1,0
235703,1,1
235723,1,1
235847,2,0
235944,1,1
236027,1,1
236331,1,1
236396,1,2
236423,1,2
236471,1,2
236649,1,1
236670,1,1
236860,1,1
236871,1,1
236935,1,0
237326,1,2
237383,1,1
237568,1,2
237799,1,1
237923,1,1
238040,1,1
238046,1,1
238245,1,2
238319,1,1
238326,1,1
238393,1,0
238744,1,2
238746,1,1
239020,1,1
239031,1,0
239127,1,1
239177,1,2
239281,1,1
239458,1,2
239555,1,1
239559,1,1
239869,1,2
239925,1,2
240011,1,2
240026,1,2
240041,2,2
240058,1,2
240208,2,0
240293,1,2
240365,1,1
240631,1,2
240881,1,1
240998,1,1
241056,1,1
241130,1,1
241182,1,1
241281,1,1
241381,1,0
241406,1,0
241652,2,2
241900,1,2
242066,1,0
242135,1,3
242358,1,1
242676,1,1
242718,1,1
242720,1,1
242761,1,1
242770,1,2
242840,1,1
243084,1,2
243086,1,2
243234,1,1
243441,1,1
243604,1,1
243680,2,0
243689,2,0
243691,2,0
243749,1,2
243878,2,4
243973,1,1
244003,2,2
244312,1,1
244338,1,3
244661,1,1
245122,1,2
245164,1,2
245319,1,2
245356,6,13
245480,1,2
246156,1,3
246271,1,1
246310,1,2
246570,1,1
246870,1,1
246892,1,1
246902,2,4
246945,1,1
247037,1,1
247078,1,1
247267,1,1
247317,1,3
247326,1,3
247544,1,1
247566,1,2
247600,1,2
247685,1,1
247872,1,1
247918,1,1
248080,1,2
248113,1,1
248167,1,1
248241,3,0
248270,1,1
248321,1,2
248323,1,1
248335,1,1
248337,1,1
248350,1,1
248442,1,2
248577,1,4
248618,1,1
248727,1,1
249261,1,1
249369,1,1
249372,1,1
249443,1,1
249487,1,1
249554,1,2
249586,1,1
249630,1,3
249965,1,1
250125,1,2
250314,1,1
250360,1,1
250361,1,2
250449,1,1
250609,1,0
250943,1,3
250994,1,1
251037,1,3
251070,1,1
251182,1,3
251408,1,2
251416,1,1
251462,1,1
251602,1,3
251615,1,3
251618,2,5
251752,1,2
251779,1,2
251837,1,2
251886,1,2
252035,1,2
252089,1,0
252184,1,2
252267,1,2
252368,1,2
252396,1,1
252516,1,1
252666,1,2
252769,1,1
252782,1,1
252902,1,1
253096,1,2
253489,3,0
253526,1,1
253887,1,2
253919,1,1
254016,1,2
254031,1,1
254095,1,1
254096,1,1
254098,1,1
254130,1,1
254187,1,0
254268,1,1
254288,1,1
254305,1,1
254320,1,1
254377,1,1
254433,1,0
254467,1,2
254579,1,1
254593,1,2
254595,1,1
254613,1,1
254790,1,2
254886,1,3
254983,1,1
254988,1,2
254998,1,4
255267,1,1
255290,1,0
255342,1,1
255451,1,1
255491,1,1
255840,1,1
255965,1,2
256039,2,2
256412,1,2
256423,1,3
256584,1,1
256952,1,1
256995,1,4
257128,1,0
257187,1,1
257218,1,2
257287,1,2
257290,1,1
257306,1,1
257368,1,0
257472,1,3
257577,1,1
257807,1,1
257944,1,1
258140,1,1
258373,1,0
258402,1,2
258467,1,1
258611,3,18
259014,1,1
259051,1,1
259371,1,1
259392,1,1
259573,1,2
259750,1,2
260202,1,0
260224,1,1
260229,1,1
260275,1,3
260383,1,2
260554,1,2
260565,1,2
260615,1,4
260829,1,2
260867,1,2
261072,1,1
261086,1,0
261233,1,1
261276,1,1
261390,1,1
261416,1,2
261474,1,1
261541,1,3
261751,1,1
261882,1,1
261929,1,2
261943,1,1
261996,1,1
262051,1,2
262420,1,1
262428,1,0
262597,1,2
262688,1,3
262876,1,1
263029,1,2
263134,1,1
263139,1,1
263263,1,2
263447,1,2
263488,1,1
263515,1,2
263517,1,1
263718,1,2
263777,1,3
263834,1,1
263888,1,2
263936,1,2
263974,1,2
264232,1,2
264300,1,2
264396,1,1
264477,1,1
264538,1,0
265052,1,2
265128,1,1
265316,1,1
265391,1,2
265413,1,1
265586,1,1
265725,1,1
265940,1,1
265949,1,2
266073,1,2
266226,1,6
266249,1,3
266265,1,1
266375,1,1
266406,1,3
266541,1,2
266542,1,2
266693,1,3
266789,1,2
266971,1,0
267035,1,2
267065,1,1
267226,1,1
267238,1,0
267395,1,1
267399,1,2
267541,1,1
267549,1,2
267568,1,2
267683,1,1
267842,1,2
268023,1,1
268415,1,2
268500,2,1
269258,1,1
269348,1,1
269428,1,4
269679,1,3
269783,1,2
270009,1,1
270013,1,2
270045,1,1
270057,1,2
270127,1,1
270230,1,0
270255,1,0
270623,1,2
270697,1,0
270813,1,1
270873,1,1
270890,1,1
271083,1,2
271336,1,1
271340,1,1
271342,1,1
271395,1,3
271473,2,2
271521,1,1
271612,1,2
271667,1,0
271813,1,3
271866,1,2
271906,1,2
271932,1,1
271956,1,1
272167,1,0
272205,1,0
272315,1,1
272316,1,2
272328,1,1
272492,1,1
272503,1,2
272573,1,1
272583,1,3
272738,1,1
272794,1,1
272856,1,0
272857,1,1
272978,1,3
273116,1,0
273248,1,1
273440,1,2
273447,1,2
273448,1,2
273449,1,2
273485,1,2
273638,1,2
273661,1,2
273666,1,2
273667,1,2
273838,1,2
274057,1,2
274111,1,0
274303,1,0
274399,1,7
274416,1,2
274565,1,1
274570,1,2
274879,1,1
274929,1,2
274935,1,1
274938,1,1
274982,1,1
275023,1,1
275032,2,3
275153,1,1
275399,1,1
275541,1,2
275750,1,3
275847,1,1
275850,1,1
276112,1,1
276472,1,2
276501,1,2
276563,1,2
276620,1,1
276650,1,2
276707,1,3
276711,1,3
276716,1,3
276718,1,3
276741,1,2
276743,1,2
276745,1,1
276904,1,1
277035,1,2
277052,1,1
277104,1,1
277166,1,1
277193,1,2
277290,1,1
277439,2,12
277443,5,22
277447,1,2
277450,4,22
277453,1,3
277461,2,12
277503,1,2
277900,1,0
277998,1,4
278313,1,1
278380,1,2
278442,1,0
278444,1,3
278628,1,0
278647,1,0
278663,1,0
278664,1,0
278666,2,2
278685,1,0
278725,1,0
278746,1,0
278869,1,0
278889,1,0
278902,1,0
278905,1,0
279028,1,2
279087,1,2
279282,1,2
279306,1,0
279504,1,2
279543,1,0
279790,1,0
279813,1,2
279870,1,2
279885,1,3
279950,1,0
280457,1,2
280519,1,1
280601,1,1
280638,1,1
280761,1,0
280911,1,3
280969,1,1
280974,1,2
281116,1,1
281138,1,2
281144,1,2
281172,1,2
281191,1,1
281333,1,1
281373,1,1
281381,1,1
281489,1,1
281589,1,1
281987,1,1
282043,1,3
282247,1,1
282258,1,1
282305,1,1
282505,1,2
282672,1,1
282744,1,1
282879,1,1
282888,1,1
283101,1,2
283194,1,1
283222,1,2
283279,1,2
283284,1,1
283294,1,1
283340,1,2
283553,1,1
283860,1,1
283861,2,3
284147,1,3
284628,1,2
284967,1,3
285011,1,3
285079,1,2
285192,1,1
285410,1,1
285442,1,1
285548,1,1
285763,1,2
285846,1,0
286138,1,1
286351,1,2
286380,1,2
286610,1,1
286802,1,2
286979,2,4
286982,1,1
286990,2,4
287099,1,3
287160,1,1
287189,1,1
287444,1,2
287500,1,1
287609,1,2
287752,1,1
287785,1,2
287818,1,3
287859,4,0
287870,1,0
287942,1,0
287962,1,0
288053,1,0
288223,1,1
288324,1,3
288356,1,1
288473,1,2
288572,1,3
288576,1,2
288645,2,0
288669,1,2
288684,1,2
288770,1,3
289097,1,0
289170,1,1
289245,1,1
289364,1,1
289434,1,0
289456,1,2
289718,2,1
289807,1,1
290005,1,3
290059,1,1
290216,1,2
290222,1,2
290291,1,1
290332,1,2
290393,1,2
290447,1,1
290600,1,2
290766,1,0
290957,1,2
291008,1,1
291073,1,1
291074,1,4
291121,1,1
291159,1,2
291251,1,1
291333,1,2
291475,1,1
291533,1,1
291720,1,1
291822,1,1
291862,1,2
291980,1,1
292067,1,1
292170,1,1
292268,1,2
292327,1,2
292515,1,1
292533,1,1
292590,1,1
292890,1,1
292921,1,1
293134,1,2
293151,1,1
293213,1,1
293233,1,2
293250,1,4
293326,1,1
293587,1,1
293736,1,2
293753,1,1
293900,1,0
294011,1,3
294061,1,1
294129,1,2
294177,1,1
294503,1,0
294591,1,1
294698,2,1
294747,1,1
294768,1,3
294783,1,4
294937,1,1
295004,1,2
295054,1,1
295198,1,1
295221,1,1
295594,1,2
295667,1,2
295679,1,1
295702,1,2
295831,1,2
295907,1,0
296300,1,2
296301,1,2
296337,1,1
296386,1,1
296388,1,2
296883,1,0
296991,1,0
297004,1,1
297084,1,1
297239,1,1
297255,1,1
297365,1,2
297445,1,1
297838,1,3
297991,1,1
298104,1,0
298181,1,1
298247,1,1
298346,1,3
298372,1,1
298526,1,1
298559,1,1
298635,1,1
298638,1,1
298659,1,0
298664,2,0
298852,1,1
298958,1,1
298974,1,2
299030,1,1
299087,1,1
299096,1,0
299125,1,0
299161,1,2
299270,1,0
299296,1,1
299629,1,0
299642,1,2
299728,1,1
299903,1,1
300033,1,2
300335,1,2
300455,1,4
300671,1,3
300761,1,0
300776,1,0
300791,1,1
300929,1,0
300938,1,1
300992,1,1
301124,1,3
301131,1,2
301243,1,1
301560,1,3
301638,2,3
301655,1,0
301843,1,2
301869,2,5
301947,1,3
301949,1,1
301952,1,4
302034,1,4
302035,1,1
302266,1,1
302469,1,1
302474,1,1
302482,1,1
302523,1,0
302570,1,1
302659,1,1
302806,1,1
302840,1,2
302865,1,0
302874,1,2
302933,1,1
302991,1,1
303010,1,0
303022,1,1
303032,1,1
303196,1,0
303234,1,1
303287,1,2
303289,1,1
303329,1,0
303409,1,1
303432,1,1
303680,1,0
303776,1,3
303834,1,2
303861,1,1
303891,2,6
303893,1,0
303912,1,1
303936,1,1
304299,1,1
304645,1,2
304739,1,2
304748,1,2
304845,1,2
304897,1,1
304932,1,3
304997,1,1
305110,1,3
305439,1,3
305466,1,3
305532,1,2
305721,1,2
305854,1,1
305862,1,1
305907,1,1
305955,1,1
306167,1,4
306275,1,1
306336,1,1
555727,1,1
555742,2,2
555752,1,1
555775,1,0
555786,1,2
555794,1,1
555842,1,1
555860,1,1
555900,1,1
555917,1,2
556050,3,4
556072,1,1
556078,1,1
556082,2,8
556085,1,1
556097,2,3
556117,1,4
556186,2,4
556191,1,1
556242,1,1
556248,1,3
556251,3,8
556258,1,2
556260,1,4
556263,2,3
556265,1,4
556266,3,4
556270,7,13
556302,1,3
556303,1,1
556313,3,8
556324,3,19
556330,3,5
556335,3,7
556384,2,4
556388,1,5
556406,1,0
556407,1,2
556409,1,1
556413,1,2
556418,1,4
556449,5,16
556450,4,11
556462,2,4
556470,1,1
556479,1,0
556548,1,3
556555,1,0
556557,1,4
556576,1,0
556580,2,5
556587,3,4
556624,4,13
556626,1,1
556629,2,5
556632,1,4
556642,1,1
556646,1,1
556659,1,3
556688,1,0
556693,1,3
556740,2,6
556742,1,1
556758,1,1
556766,1,0
556768,2,2
556769,1,2
556774,1,3
556784,1,1
556787,2,1
556788,1,0
556791,1,0
556804,2,12
556805,1,1
556810,1,1
556821,2,4
556825,1,2
556828,2,5
556845,1,2
556846,3,8
556849,1,2
556859,3,18
556863,1,1
556868,1,2
556923,2,3
556956,2,9
556957,2,17
556974,1,2
556975,1,1
556977,1,2
557004,3,8
557059,2,6
557068,1,2
557072,1,1
557079,1,3
557084,1,1
557103,1,1
557109,1,1
557124,1,2
557143,1,2
557157,1,0
557162,1,2
557163,1,4
557189,1,0
557211,1,5
557219,1,4
557223,1,4
557225,1,5
557242,1,0
557247,3,3
557254,3,6
557268,4,16
557269,1,1
557270,9,26
557271,2,4
557272,8,30
557274,3,9
557281,6,25
557282,1,1
557284,1,2
557286,1,1
557290,3,6
557335,1,5
557341,1,3
557342,1,1
557347,2,1
557383,1,0
557387,2,6
557390,1,9
557399,8,29
557401,3,20
557419,1,1
557423,1,1
557425,4,6
557427,1,1
557454,1,5
557456,1,7
557467,1,2
557479,1,2
557493,1,2
557506,1,2
557510,1,2
557540,1,1
557551,1,0
557556,1,1
557594,1,1
557656,1,3
557669,3,3
557679,1,1
557687,2,2
557694,1,3
557696,3,9
557703,1,4
557707,2,10
557713,1,1
557727,1,1
557729,1,1
557752,1,1
557757,1,2
557775,1,2
557834,3,25
557840,2,6
557841,2,5
557842,2,2
557870,1,2
557902,3,6
557918,2,3
557927,1,1
557935,1,1
557940,1,1
557948,1,1
557974,1,1
558004,2,5
558141,1,0
558261,1,1
558264,1,1
558510,1,2
558525,2,5
558531,3,20
558538,3,8
558542,1,3
558543,1,2
558568,2,3
558572,2,3
558581,1,1
558587,1,3
558607,2,5
558616,2,8
558618,1,2
558625,1,1
558626,1,4
558628,2,3
558630,3,24
558656,4,14
558694,9,13
558717,1,9
558725,1,3
558726,1,0
558739,5,7
558757,1,0
558774,1,1
558775,1,1
558776,1,2
558777,5,13
558789,1,1
558871,1,3
558896,1,0
559051,1,2
559142,1,1
559352,1,2
559358,1,0
559479,2,8
559481,4,19
559493,5,16
559495,3,4
559496,1,1
559501,2,4
559502,1,2
559511,2,4
559518,1,1
559519,3,9
559520,2,2
559524,6,9
559525,1,3
559532,1,2
559534,1,1
559539,1,2
559544,2,1
559557,3,9
559560,1,1
559584,1,3
559592,2,8
559603,2,5
559605,1,1
559617,1,2
559636,1,3
559637,3,7
559638,2,4
559657,1,1
559666,1,5
559674,1,3
559675,1,8
559678,3,6
559679,1,3
559682,1,2
559683,2,1
559685,1,2
559709,1,3
559715,1,2
559740,4,11
559763,1,3
559775,2,1
559783,1,1
559799,1,1
559804,3,8
559818,1,1
559833,1,1
560003,1,0
560016,1,1
560183,1,1
560210,1,2
560607,1,3
560611,1,3
560631,1,2
560693,1,0
560695,2,4
560712,2,15
560713,8,38
560752,2,4
560753,1,2
560763,1,1
560767,1,0
560774,1,1
560828,1,2
560902,1,0
561194,1,1
561211,1,1
561246,1,0
561346,1,0
561478,2,2
561562,1,1
561564,2,4
561565,1,3
561566,2,5
561624,1,1
561641,1,0
561660,1,0
561734,3,4
561778,1,2
561928,1,2
562051,3,17
562073,2,2
562093,1,2
562101,1,2
562147,1,0
562188,1,2
562208,1,1
562244,2,7
562341,2,3
562342,1,1
562366,1,1
562374,1,3
562379,2,4
562385,2,6
562467,1,2
562667,2,3
562670,1,1
562672,2,3
562705,1,2
562736,1,1
562746,1,1
562801,1,1
562814,1,8
562816,1,8
562819,3,4
562837,2,2
562844,1,7
562854,1,0
562856,1,1
562881,2,3
562931,3,3
562937,1,2
562943,1,3
562977,1,1
562986,1,2
563052,1,1
563066,1,1
563067,5,16
563080,2,4
563084,3,4
563087,1,1
563108,1,1
563143,1,2
563161,1,1
563172,1,3
563178,2,1
563196,1,3
563249,1,0
563302,1,1
563312,2,4
563377,2,7
563389,1,1
563399,1,1
563415,1,3
563419,1,2
563421,1,1
563424,2,1
563433,1,2
563448,1,1
563467,1,2
563475,1,1
563492,1,2
563507,2,6
563514,1,1
563556,1,1
563590,1,2
563598,1,2
563602,1,3
563617,1,1
563625,1,1
563626,1,2
563627,1,1
563691,1,3
563710,1,2
563806,2,5
563810,1,1
563862,1,0
563866,5,22
563923,5,22
563927,1,0
563941,1,2
563949,1,3
563958,1,0
563965,4,9
563966,2,3
563986,12,38
563988,1,3
564015,3,5
564027,1,2
564055,1,1
564056,1,3
564057,1,1
564134,1,3
564140,1,2
564185,1,1
564187,1,1
564222,1,1
564243,2,0
564251,3,5
564252,2,5
564254,1,5
564259,2,8
564287,1,3
564289,1,1
564296,1,3
564357,3,6
564358,1,0
564379,2,5
564416,2,5
564420,1,1
564442,1,1
564447,1,1
564455,1,3
564465,6,19
564472,2,4
564528,1,1
564580,3,7
564587,1,1
564599,1,4
564603,9,23
564604,1,1
564617,4,11
564641,1,1
564670,1,1
564698,6,13
564703,1,2
564708,3,0
564712,1,0
564713,1,0
564744,1,1
564749,2,7
564764,2,3
564814,1,1
564821,1,1
564830,1,1
564847,1,9
564850,5,13
564880,1,1
564949,1,1
564953,2,2
564956,3,11
564958,1,1
564988,1,1
564999,5,15
565000,2,10
565001,1,1
565017,1,8
565024,1,1
565040,1,0
565044,1,5
565062,4,19
565065,1,0
565100,4,10
565116,2,2
565181,1,2
565187,1,4
565197,1,2
565241,1,4
565247,1,4
565349,1,3
565362,1,2
565418,1,1
565512,1,0
565732,1,1
565766,1,1
565767,1,1
565775,1,2
565847,1,1
565911,1,1
566025,7,17
566035,1,1
566040,1,1
566045,1,9
566071,1,1
566076,3,7
566083,5,6
566097,2,4
566098,1,1
566101,1,2
566111,1,2
566178,1,1
566184,1,1
566433,1,2
566497,2,4
566564,1,1
566784,1,1
566806,1,1
567090,1,1
567248,1,1
567317,1,3
567425,1,2
567535,1,1
567542,1,1
567558,1,1
567561,1,1
567562,1,4
567569,1,5
567626,1,1
567628,1,1
567647,1,1
567830,1,1
567951,1,1
568186,1,2
568197,1,2
568224,1,0
568238,1,1
568329,1,1
568376,1,1
568395,1,1
568396,4,6
568397,1,3
568484,3,0
568493,1,2
568515,1,3
568619,1,1
568678,1,2
568699,1,2
568709,1,1
568765,1,1
568892,1,2
568894,1,1
568997,1,1
569169,1,4
569360,1,2
569491,1,1
569500,1,0
569632,1,1
569696,1,2
569764,1,1
569785,1,1
569811,1,1
569824,1,1
569834,1,2
569848,1,1
569853,1,4
569861,1,1
569881,1,0
569901,1,3
569934,2,7
569996,1,1
570026,1,2
570189,1,1
570376,1,1
570390,1,2
570671,1,1
570764,1,1
570823,2,4
570886,1,0
570894,1,1
570903,2,0
570917,1,1
570942,1,3
570950,2,2
570953,1,1
570955,3,4
570964,2,8
570968,1,1
570970,1,1
571005,1,1
571021,2,3
571038,3,4
571042,1,2
571073,1,2
571110,1,1
571113,1,3
571148,2,2
571151,1,4
571169,3,6
571200,5,9
571211,1,1
571228,1,2
571261,1,2
571266,1,2
571276,1,1
571278,2,5
571286,4,15
571287,3,5
571320,1,2
571336,1,2
571350,2,0
571417,3,9
571428,1,1
571431,1,1
571437,1,1
571439,2,2
571441,1,4
571469,1,5
571489,1,2
571503,1,4
571504,4,4
571513,1,1
571516,2,4
571580,1,6
571605,3,8
571611,1,0
571641,1,1
571644,1,1
571646,1,1
571669,1,5
571690,1,1
571693,1,6
571696,1,1
571743,1,1
571746,1,1
571750,1,7
571759,1,4
571770,1,1
571779,1,2
571836,1,1
571850,1,0
571913,2,3
571914,1,4
571958,4,6
571960,1,2
571963,1,3
571964,4,7
571982,3,5
571985,1,2
572029,1,2
572030,1,1
572076,3,5
572159,1,1
572252,1,1
572264,1,1
572270,1,1
572273,1,1
572276,1,1
572279,1,2
572280,1,2
572336,1,1
572343,3,3
572370,6,11
572379,4,2
572421,4,10
572422,12,34
572435,7,19
572438,1,2
572442,1,2
572445,1,4
572452,2,3
572459,1,1
572482,4,6
572490,1,1
572500,1,2
572520,5,8
572629,1,1
572636,1,1
572638,4,23
572639,2,5
572673,4,14
572678,3,6
572702,1,1
572717,1,9
572719,1,1
572721,1,2
572725,1,2
572772,1,1
572773,1,3
572777,2,1
572780,3,20
572783,4,19
572786,1,2
572831,2,3
572902,1,1
572943,1,2
573053,1,4
573056,2,1
573063,1,0
573338,1,1
573350,2,1
573381,2,3
573383,2,16
573406,1,1
573408,2,3
573410,1,7
573446,2,4
573532,1,1
573636,1,1
573723,1,1
573829,1,1
573831,1,1
574094,1,1
574099,1,4
574343,1,0
574356,1,0
574359,1,2
574464,1,1
574611,1,1
574816,1,2
575031,1,2
575431,1,2
575609,1,1
575944,1,1
576147,1,2
576194,1,1
576229,3,2
576230,1,4
576235,1,2
576385,1,1
576532,2,0
576757,1,2
576844,1,1
576969,1,1
577002,1,2
577005,1,2
577265,2,1
577322,1,1
577338,1,0
577398,1,1
577531,1,2
577786,1,2
578012,1,1
578177,1,2
578349,1,2
578350,1,2
578366,1,0
578417,3,1
578423,2,1
578424,3,9
578425,1,1
578431,1,1
578445,1,1
578482,1,1
578556,1,0
578594,1,1
578595,2,2
578596,1,1
578598,4,5
578612,1,2
578624,1,2
578626,1,2
578631,1,3
578652,1,1
578661,2,4
578666,1,0
578671,1,1
578702,1,2
578765,1,0
578780,1,1
578815,1,2
578946,1,1
578948,1,1
579100,1,1
579263,1,0
579275,1,1
579283,4,10
579308,3,7
579323,2,6
579368,2,6
579370,1,1
579373,2,2
579444,1,1
579446,2,2
579479,2,4
579480,1,2
579528,1,0
579545,1,1
579547,1,1
579561,5,9
579564,2,6
579602,2,3
579603,2,5
579645,1,1
579680,1,0
579683,1,0
579699,1,1
579708,1,1
579764,1,1
579775,1,1
579778,1,2
579783,2,2
579785,1,7
579810,2,4
579826,1,2
579838,1,1
579839,1,1
579903,1,0
579911,1,1
579916,1,1
579924,1,1
579955,3,2
579962,3,11
579964,3,10
579986,1,4
579996,1,1
580002,1,2
580018,2,1
580080,1,1
580087,1,1
580100,3,9
580124,1,3
580126,1,3
580137,2,4
580201,2,4
580202,1,1
580225,2,2
580232,3,4
580238,1,7
580245,2,13
580246,1,3
580248,2,3
580258,1,4
580268,2,5
580416,1,2
580417,11,23
580438,1,1
580481,1,1
580538,1,2
580569,1,2
580639,1,1
580668,2,4
580681,1,2
580685,1,2
580688,1,2
580702,1,1
580739,1,1
580740,1,1
580743,1,1
580745,1,1
580746,2,2
580753,1,4
580754,1,0
580761,1,0
580767,1,2
580808,1,3
580840,1,0
580850,1,1
580859,2,3
580866,1,1
580871,1,3
580873,1,2
580899,10,18
580900,10,18
580902,2,1
580905,3,8
580937,1,1
580940,1,1
580960,1,1
580961,1,2
580975,1,2
580985,1,2
580993,1,1
581010,1,4
581011,1,3
581016,1,3
581023,2,5
581026,2,5
581035,1,2
581057,1,1
581060,1,1
581062,6,15
581129,2,4
581130,1,0
581325,4,11
581327,4,7
581419,2,1
581435,1,3
581436,3,9
581458,1,2
581469,1,1
581474,1,1
581485,1,2
581491,1,1
581501,1,4
581504,1,1
581540,1,1
581548,1,6
581571,1,1
581588,1,1
581640,1,0
581663,1,2
581696,1,1
581701,4,12
581702,1,3
581716,3,4
581721,1,1
581733,2,4
581739,1,2
581741,1,2
581742,4,8
581763,2,2
581769,2,14
581866,1,0
581900,2,1
581902,3,4
581915,1,1
581916,4,12
581970,1,2
581971,1,3
581979,1,1
581993,1,1
581994,1,4
581997,1,2
582000,3,4
582002,4,8
582012,2,4
582018,1,5
582111,1,2
582122,1,1
582138,1,2
582153,2,1
582178,3,12
582207,1,1
582208,3,6
582212,1,2
582251,5,19
582253,2,3
582257,14,44
582258,1,16
582280,1,4
582282,2,5
582283,1,6
582318,1,1
582434,1,1
582448,1,2
582453,1,2
582476,1,3
582515,1,2
582551,1,2
582589,1,1
582595,1,3
582596,1,2
582602,1,1
582623,1,1
582685,3,6
582702,1,1
582708,2,13
582709,1,1
582815,1,0
582851,1,4
583087,1,3
583261,1,1
583412,1,2
583584,1,1
583589,1,2
583756,1,1
583779,1,3
583858,1,2
583938,1,0
583951,1,3
584022,1,1
584090,1,1
584170,1,3
584172,1,1
584203,1,1
584230,1,1
584235,4,7
584259,1,3
584271,2,7
584296,1,4
584321,1,0
584322,1,4
584352,1,1
584359,1,1
584376,2,2
584377,2,3
584382,5,8
584426,1,3
584457,1,1
584485,1,1
584598,1,2
584608,1,1
584744,1,2
584796,1,1
584904,1,4
584955,1,0
585107,1,1
585164,3,5
585236,1,1
585337,1,1
585433,1,2
585516,1,2
585538,1,2
585569,1,4
585708,1,1
585804,1,1
585832,1,1
586152,1,4
586235,1,1
586282,1,1
586283,2,2
586287,1,1
586907,2,6
586912,2,8
586934,1,1
586950,1,1
586963,1,4
586964,1,2
586966,1,3
586970,1,3
587027,3,4
587037,1,3
587041,4,9
587062,1,2
587066,1,1
587091,1,3
587092,1,3
587104,3,15
587105,1,2
587114,1,1
587159,3,4
587162,1,4
587175,1,2
587178,1,1
587319,1,0
587430,1,3
587490,1,1
587562,1,2
587743,1,1
587858,1,0
587860,1,0
588006,1,1
588137,1,3
588242,1,1
588380,1,1
588454,1,1
588694,1,1
588899,1,1
589001,1,1
589035,1,1
589114,1,1
589153,1,1
589156,1,12
589180,1,3
589207,1,1
589250,2,3
589267,1,4
589269,1,4
589272,1,1
589344,1,2
589346,1,2
589357,1,2
589382,1,2
589395,1,15
589396,1,13
589420,2,7
589441,2,6
589446,4,7
589469,1,2
589496,1,3
589553,2,1
589590,3,9
589597,1,3
589602,1,2
589603,2,4
589605,3,4
589609,6,15
589625,1,1
589673,1,0
589699,1,2
589780,1,1
589782,1,0
589839,1,1
590120,1,2
590155,1,1
590246,1,2
590304,1,1
590355,2,4
590783,1,1
590789,1,1
590796,1,1
590800,11,40
590869,1,2
590872,1,3
590878,2,2
590925,1,1
590938,1,3
590947,2,2
590952,1,3
590968,1,0
590980,1,1
590983,1,2
590988,2,4
591037,1,3
591074,4,15
591100,1,6
591177,1,2
591182,1,2
591204,1,3
591210,1,7
591270,1,2
591271,3,11
591275,1,1
591320,3,0
591483,1,1
591606,1,1
591657,1,1
591665,1,1
591677,1,2
591743,1,1
591744,1,1
591775,2,4
591776,2,4
591777,1,4
591791,6,28
591792,11,60
591826,1,6
591841,5,14
591844,1,2
591852,1,2
591855,1,1
591857,1,2
591859,1,2
591860,1,1
591862,1,6
591870,1,1
591880,2,5
591881,8,20
591885,5,19
591939,1,3
591948,1,4
591949,1,1
591959,1,1
591960,1,3
591966,1,3
591993,1,4
591994,3,9
592011,3,8
592064,1,1
592075,3,9
592076,4,8
592084,2,8
592087,2,4
592088,2,3
592098,1,2
592101,1,1
592105,6,20
592128,2,5
592139,3,4
592144,1,3
592147,1,0
592178,1,1
592203,6,11
592206,2,11
592221,1,1
592225,3,8
592237,3,5
592239,1,2
592240,4,9
592313,5,17
592323,3,7
592341,1,0
592353,2,0
592354,5,36
592357,3,3
592361,3,22
592362,2,0
592414,1,2
592418,1,1
592421,1,2
592431,2,2
592506,2,10
592555,3,11
592591,4,11
592605,1,1
592606,1,2
592611,1,2
592613,3,4
592636,2,4
592650,1,1
592651,1,5
592680,4,10
592681,1,5
592684,3,15
592707,1,2
592710,2,4
592713,1,4
592731,2,5
592735,4,9
592742,4,10
592765,1,1
592770,2,10
592773,2,3
592779,1,3
592811,1,8
592815,2,4
592839,1,2
592841,1,1
592855,2,16
592880,3,5
592889,1,3
592901,3,7
592904,1,6
592909,1,1
592913,2,3
592932,1,1
592933,1,1
592953,2,6
592965,1,3
592968,1,4
592969,1,9
592972,3,3
592987,1,3
592988,1,1
592989,2,2
592992,1,2
593012,4,15
593045,1,4
593046,2,1
593067,1,2
593099,1,10
593190,1,1
593222,1,1
593251,1,0
593270,1,1
593313,1,1
593409,2,15
593416,4,11
593423,4,25
593429,4,11
593434,2,15
593436,1,10
593437,2,5
593438,2,6
593443,7,36
593459,6,34
593543,1,1
593614,1,1
593638,1,3
593640,1,3
593664,8,35
593685,1,1
593692,4,5
593705,3,10
593708,2,10
593709,3,14
593711,1,4
593760,2,8
593762,1,1
593770,3,8
593970,1,1
594045,1,0
594081,1,1
594102,1,1
594297,1,1
594341,1,1
594347,1,2
594417,1,2
594534,1,1
594611,1,3
594625,1,1
594676,1,0
594953,1,0
595033,1,0
595053,1,3
595209,1,1
595247,2,5
595261,4,15
595266,1,1
595267,1,1
595272,1,1
595278,1,1
595288,1,12
595289,6,20
595290,2,8
595292,2,5
595293,2,13
595302,1,4
595306,1,3
595307,4,8
595308,1,3
595309,1,1
595354,1,0
595395,2,1
595398,2,7
595401,1,8
595403,2,2
595409,1,1
595430,1,0
595437,1,0
595443,2,7
595464,1,2
595465,4,10
595471,1,2
595473,1,1
595604,1,2
595636,1,2
595809,1,0
595837,1,2
595874,1,4
596063,1,1
596064,1,3
596067,1,1
596348,2,5
596383,1,2
596441,1,0
596534,1,1
596548,1,1
596863,1,1
596885,4,6
596889,1,5
596933,3,5
596937,1,1
596944,1,1
596951,1,1
596952,3,5
596971,4,14
596973,3,9
596974,3,9
596979,2,6
596982,2,6
597039,1,2
597047,1,6
597054,1,1
597058,3,26
597059,1,7
597075,2,4
597092,2,3
597103,1,1
597126,1,1
597129,4,21
597156,1,1
597169,2,13
597184,2,8
597201,2,5
597203,1,3
597216,1,1
597478,1,2
597493,1,2
597497,1,1
597944,1,2
598096,1,2
598318,1,2
598374,1,2
598451,1,1
598586,2,0
598864,1,1
599025,1,0
599029,1,3
599093,1,1
599126,1,0
599174,3,6
599229,1,0
599241,1,1
599242,1,1
599244,2,4
599245,5,10
599256,2,0
599349,1,0
599731,1,2
599742,1,1
599913,1,1
599983,1,1
599985,1,1
600008,1,3
600261,1,2
600317,1,0
600449,1,3
600451,4,10
600453,5,24
600501,1,2
600502,2,10
600509,1,12
600551,1,5
600567,2,11
600569,5,9
600575,1,1
600606,5,16
600617,1,1
600627,1,1
600634,1,1
600639,1,1
600641,1,3
600670,2,5
600683,3,7
600684,1,1
600686,2,6
600772,1,0
600773,2,6
600776,1,2
600806,2,5
600833,1,1
600839,1,4
600841,1,3
600892,1,3
600897,1,1
600906,2,4
600910,1,1
600913,1,2
600914,3,14
601139,1,1
601140,1,1
601389,1,1
601398,1,3
601469,3,13
601472,1,1
601485,2,5
601503,4,6
601507,1,1
601510,2,4
601526,2,4
601527,2,2
601532,1,1
601559,1,1
601561,2,3
601569,2,3
601627,1,0
601682,1,1
601706,1,1
601712,1,1
601726,1,3
601733,1,1
601735,3,7
601741,1,6
601790,1,2
601791,1,1
601797,1,1
601824,2,4
601833,1,1
601870,4,10
601897,4,5
601933,1,1
601936,2,8
601991,1,1
601994,3,10
602002,1,3
602007,3,14
602065,5,17
602086,2,7
602088,2,9
602090,2,3
602094,1,2
602095,1,2
602107,1,2
602122,1,2
602150,3,9
602151,1,2
602155,1,1
602163,4,1
602164,2,4
602171,1,0
602174,2,5
602175,2,2
602210,2,17
602343,1,1
602349,1,3
602395,1,1
602396,1,3
602420,1,0
602442,1,2
602480,1,1
602485,1,0
602486,1,2
602518,1,1
602525,2,4
602534,6,29
602537,1,6
602541,1,2
602542,1,3
602551,1,1
602577,2,5
602597,1,0
602630,1,1
602642,3,6
602644,2,6
602672,2,2
602754,1,0
602779,1,1
602785,3,7
602793,1,3
602798,1,10
602821,2,5
602856,1,2
602877,1,0
602893,1,2
602914,5,16
602918,2,8
602924,2,5
602939,1,0
602940,3,3
602942,1,1
602943,1,3
602944,1,1
602946,1,2
602952,2,7
602964,1,2
602967,1,3
602970,1,1
602972,1,1
602975,3,6
602976,3,7
603015,3,6
603038,3,8
603040,1,1
603052,1,2
603065,1,1
603068,1,0
603072,3,10
603079,5,18
603080,1,1
603113,1,1
603114,2,5
603144,1,2
603150,1,2
603157,2,3
603159,3,6
603178,1,1
603180,1,1
603182,1,1
603187,1,0
603189,1,0
603190,1,0
603193,1,0
603197,1,0
603237,1,1
603238,1,2
603239,1,2
603240,1,7
603280,1,0
603290,1,4
603321,1,3
603348,1,2
603386,1,1
603389,6,17
603402,1,2
603413,1,5
603428,1,3
603430,2,6
603451,1,1
603540,2,4
603547,1,1
603553,1,1
603556,1,1
603568,1,1
603574,2,2
603584,2,6
603585,1,0
603589,2,5
603591,2,6
603609,1,5
603681,2,9
603682,3,11
603718,1,1
603739,3,6
603742,1,1
603763,3,10
603768,1,1
603793,1,1
603805,1,1
603809,1,3
603844,1,1
603854,1,2
603886,1,4
603888,1,4
603889,1,4
603902,1,4
603903,1,3
603904,1,6
603921,6,10
603923,1,3
603938,2,3
603950,3,6
603951,1,1
603958,1,1
604015,1,4
604028,1,1
604035,1,2
604047,1,1
604048,1,0
604058,1,1
604142,1,2
604177,1,3
604180,2,3
604217,1,2
604235,1,1
604291,2,3
604376,1,1
604385,1,1
604443,1,2
604550,1,0
604552,1,2
604596,1,4
604634,1,2
604653,1,2
604692,2,0
604704,1,2
604709,1,2
604775,1,1
604778,5,13
604779,3,3
604784,5,8
604820,1,2
605235,1,1
605247,1,5
605741,1,0
605934,1,0
606070,1,1
606230,1,1
606385,1,1
606693,1,1
606703,3,4
606720,4,8
606752,3,8
606764,1,1
606778,1,2
606856,1,2
606972,1,0
607056,1,1
607270,1,0
607787,1,2
607839,1,2
607947,1,1
608048,1,2
608075,1,2
608271,1,2
608334,1,2
608352,1,1
608458,1,1
608571,1,5
608670,1,1
608794,1,0
608833,1,1
608918,1,2
608932,1,0
608985,1,2
609180,1,1
609214,1,3
609228,1,2
609356,1,2
609364,1,1
609491,1,2
609522,1,1
609681,1,2
609779,1,0
609815,1,1
609848,1,2
609905,1,1
610143,1,1
610348,1,0
610367,3,8
610385,1,3
610386,3,14
610387,3,14
610388,2,7
610389,6,10
610403,1,1
610426,1,1
610430,1,2
610434,5,8
610441,1,1
610445,1,0
610447,1,2
610448,1,1
610449,1,1
610521,1,1
610523,1,4
610568,1,1
610587,1,1
610627,5,4
610673,1,1
610678,3,6
610684,2,2
610737,1,1
610738,1,2
610763,1,4
610791,1,2
610796,1,1
610910,1,1
611088,1,1
611199,1,2
611442,1,1
611639,1,1
611836,1,2
611858,1,1
611888,1,1
612019,1,1
612029,1,1
612032,1,2
612035,1,8
612037,1,4
612040,1,1
612049,1,5
612050,1,3
612062,2,4
612071,1,1
612083,1,3
612085,3,3
612087,1,1
612088,5,17
612089,1,2
612091,3,9
612131,1,0
612181,1,2
612199,1,2
612270,1,1
612311,1,2
612330,2,9
612331,2,2
612332,3,12
612355,1,2
612371,1,1
612401,1,2
612439,2,3
612447,1,1
612473,1,1
612534,1,3
612549,1,6
612585,1,1
612600,1,0
612629,1,5
612631,3,11
612647,1,0
612657,1,3
612671,1,4
612692,1,9
612706,1,3
612708,1,5
612790,4,41
612791,8,37
612815,1,2
612846,3,12
612848,1,6
612849,1,3
612913,1,1
612933,3,11
612979,2,7
612996,1,1
613035,1,3
613094,1,1
613128,1,3
613186,3,7
613191,6,17
613192,1,4
613195,2,8
613246,1,2
613252,1,1
613254,1,3
613259,1,2
613270,5,9
613273,1,7
613286,1,1
613320,1,2
613321,1,2
613337,1,2
613390,1,1
613475,1,1
613488,1,2
613489,2,3
613496,1,1
613507,1,2
613508,2,5
613538,2,6
613552,3,4
613555,1,7
613606,1,3
613616,1,3
613622,1,5
613623,2,4
613652,1,1
613713,2,2
613722,1,1
613753,1,1
613762,2,7
613804,1,7
613858,1,7
613860,1,7
613867,1,1
613934,5,11
613962,1,1
613965,1,2
613988,1,1
614011,1,1
614022,1,4
614027,1,2
614073,1,0
614080,1,2
614094,1,1
614103,1,1
614110,1,1
614145,1,2
614227,1,0
614257,1,2
614258,1,2
614320,1,3
614322,3,6
614325,1,3
614350,1,1
614365,1,3
614376,2,4
614380,1,1
614384,5,19
614385,2,5
614388,4,3
614394,1,2
614405,1,0
614474,1,3
614476,1,1
614483,1,1
614485,2,6
614492,3,8
614493,2,8
614518,3,3
614521,1,4
614524,1,1
614556,1,5
614557,2,4
614561,1,2
614564,1,3
614579,1,2
614586,2,4
614593,1,4
614597,2,0
614616,1,4
614649,1,1
614652,1,2
614658,1,1
614668,1,1
614708,6,8
614721,1,1
614733,1,2
614764,1,1
614767,1,4
614809,1,4
614843,1,3
614899,1,1
614903,1,7
614938,1,4
615032,1,0
615178,1,1
615181,1,1
615252,1,1
615268,1,1
615330,1,0
615399,1,1
615426,1,1
615533,1,1
615552,1,1
615608,1,1
615693,1,1
615737,1,3
615799,1,1
615858,1,1
616234,1,1
616281,1,1
616566,1,1
616627,1,2
616638,1,1
616650,1,1
616656,1,0
616698,1,3
616714,3,6
616733,2,1
616757,1,2
616770,2,0
616778,1,0
616780,1,0
616834,2,5
616836,2,6
616837,4,6
616839,1,1
616841,5,17
616847,1,1
616870,1,1
616873,1,1
617105,1,0
617337,1,4
617492,1,0
617505,1,1
617667,1,2
617683,1,2
617796,1,1
617802,1,1
617804,1,1
617918,2,0
617977,1,1
618196,1,3
618513,1,1
618534,1,0
618798,1,3
619004,1,0
619030,1,0
619073,1,2
619286,2,2
619412,1,1
619439,1,0
619508,1,1
619521,1,2
619528,1,1
619652,1,9
619671,5,15
619675,1,3
619676,1,3
619701,2,4
619702,1,2
619724,1,3
619731,3,16
619734,2,9
619737,1,1
619764,1,3
619781,2,2
619785,1,5
619836,1,4
619874,1,1
619879,1,1
619884,2,2
619890,1,5
619893,2,2
619902,1,3
619904,3,20
619908,1,1
619928,1,3
619946,1,1
620008,1,1
620037,1,1
620044,1,3
620049,1,3
620054,1,6
620108,1,1
620174,1,1
620178,1,0
620264,1,0
620286,1,1
620287,2,4
620306,1,1
620308,1,1
620372,1,2
620407,2,3
620408,4,5
620414,1,1
620452,1,1
620455,1,0
620459,1,2
620470,1,2
620481,1,1
620487,1,3
620488,1,3
620491,1,3
620494,1,1
620562,2,6
620574,3,6
620577,1,6
620581,1,1
620590,1,1
620634,1,1
620658,1,1
620659,1,4
620792,1,3
620794,1,0
620829,1,1
621048,1,1
621234,1,2
621434,1,1
621492,1,1
621510,1,1
621635,1,2
621691,3,6
621700,3,9
621704,1,3
621707,2,6
621715,1,1
621727,1,3
621729,1,2
621749,3,10
621768,1,5
621774,3,3
621787,1,1
621829,1,8
621838,1,2
621840,1,2
621857,1,1
621861,4,8
621888,2,6
621893,1,2
621894,5,16
621896,2,6
621922,2,4
621935,1,3
621964,1,1
621966,1,2
621990,2,8
622025,1,1
622035,1,2
622044,1,1
622045,2,6
622047,2,5
622048,1,4
622070,1,1
622091,2,2
622232,1,1
622240,1,2
622338,1,2
622389,1,7
622407,2,8
622408,4,22
622420,1,3
622429,1,1
622430,2,4
622431,2,10
622456,2,1
622472,1,1
622476,1,2
622520,2,5
622649,2,4
622660,1,2
622695,2,6
622729,5,13
622736,1,1
622737,1,2
622744,3,4
622850,1,1
622869,1,3
622872,1,2
622873,2,1
622876,1,2
622877,4,30
622922,1,1
622988,1,3
623004,1,1
623008,1,2
623019,2,4
623029,2,4
623032,4,11
623043,1,3
623047,6,38
623048,1,6
623049,1,3
623056,1,5
623083,1,1
623085,3,9
623107,1,2
623108,1,2
623121,1,7
623125,1,3
623145,1,1
623157,1,0
623162,1,6
623182,1,1
623192,2,1
623199,1,3
623203,1,3
623229,1,3
623242,1,1
623268,1,1
623288,1,0
623294,1,1
623323,1,0
623330,2,8
623336,2,5
623338,1,2
623355,1,1
623356,1,1
623361,1,1
623362,2,5
623363,1,3
623379,1,0
623477,1,2
623507,1,3
623568,1,8
623571,3,10
623572,1,1
623589,2,3
623591,1,5
623593,4,9
623594,1,3
623596,5,18
623624,1,1
623629,1,2
623660,2,5
623680,1,5
623686,1,3
623692,2,5
623694,2,2
623697,1,5
623701,1,5
623728,1,1
623739,2,4
623748,1,2
623774,1,1
623776,2,3
623811,1,7
623815,2,4
623859,1,1
623869,1,1
623898,1,2
623960,1,1
623961,1,1
624033,1,2
624044,1,2
624058,1,1
624069,1,3
624070,1,1
624081,1,1
624094,1,3
624111,1,2
624176,1,0
624180,3,6
624206,1,2
624239,1,2
624241,1,2
624244,1,2
624249,1,2
624262,1,3
624283,1,1
624297,3,8
624298,1,2
624299,5,16
624300,3,4
624312,1,2
624330,1,3
624331,1,1
624337,3,5
624344,1,2
624345,1,1
624358,1,2
624360,2,4
624362,1,10
624363,4,12
624368,2,2
624369,2,8
624378,1,3
624380,1,1
624406,1,1
624409,1,1
624437,1,5
624439,1,1
624445,1,1
624446,5,7
624459,1,1
624482,4,2
624485,1,1
624507,1,1
624511,1,4
624514,1,1
624522,1,1
624529,2,8
624544,1,1
624545,1,3
624601,1,3
624641,3,8
624645,4,12
624646,2,5
624647,1,1
624648,1,1
624699,1,10
624731,6,20
624805,1,1
624820,2,1
624823,1,4
624842,1,1
624848,1,2
624913,1,1
624915,1,2
624917,1,0
624921,2,19
624925,2,7
624965,1,1
624966,1,1
624976,2,4
625007,1,2
625272,1,1
625279,1,2
625350,1,0
625453,1,2
625503,1,1
625603,1,1
625654,1,1
625738,1,2
625749,1,2
625750,1,2
625937,1,3
625947,1,1
625997,6,14
625998,2,5
626000,4,10
626015,2,7
626047,1,2
626280,1,3
626289,1,1
626290,1,1
626424,1,1
626458,1,1
626500,1,1
626583,1,4
626843,1,1
626889,1,0
626945,1,1
626949,1,1
627176,1,0
627498,1,2
627566,1,1
627588,1,2
627766,1,3
627781,1,2
627890,1,1
627903,1,1
627923,1,1
628039,2,6
628052,1,0
628076,1,1
628092,1,2
628095,1,2
628096,1,2
628100,1,2
628102,2,17
628128,1,1
628291,1,1
628455,1,0
628497,1,1
628586,1,2
628617,1,1
628811,1,3
628822,1,1
629015,1,0
629040,1,1
629156,1,3
629369,1,3
629422,1,1
629497,1,5
629588,1,2
629603,1,1
630194,2,0
630621,1,1
630646,1,2
630704,1,3
630738,1,1
630759,1,0
630843,1,2
631145,1,0
631260,1,1
631952,1,1
632007,1,1
632010,1,0
632056,1,1
632269,2,2
632602,1,2
632649,1,2
632884,1,1
633044,1,0
633287,1,1
633352,1,2
633394,1,1
633544,1,3
633896,1,4
633977,1,1
634236,1,1
634238,1,1
634241,1,1
634425,1,2
634426,3,6
634427,1,3
634478,1,3
634479,1,1
634574,1,1
634590,2,12
634600,1,0
634639,1,2
634649,2,10
634652,1,1
634653,5,11
634655,1,1
634797,1,1
634873,1,3
634883,1,1
634893,1,1
634925,3,4
634926,1,2
634930,1,10
634932,1,1
634968,1,3
634978,1,8
634982,3,2
634997,1,4
635006,3,8
635010,1,0
635018,9,31
635021,1,4
635115,1,4
635191,1,3
635212,1,0
635252,1,0
635291,1,0
635294,1,3
635298,1,3
635342,1,0
635343,1,2
635354,1,2
635357,1,1
635362,1,0
635365,1,1
635375,1,0
635387,1,2
635403,1,2
635483,3,13
635500,1,1
635503,2,6
635531,1,2
635552,1,2
635553,4,12
635566,1,3
635568,2,2
635572,2,6
635575,2,5
635603,4,17
635717,1,1
635723,1,1
635760,1,1
635797,1,4
635838,1,0
635839,1,0
635894,1,3
635916,1,2
635922,1,2
635970,1,2
636014,2,5
636016,1,0
636022,1,3
636064,1,3
636091,1,1
636103,3,4
636129,1,1
636132,1,2
636333,1,0
636335,4,14
636370,1,3
636378,1,3
636379,3,7
636385,1,1
636389,2,3
636424,4,7
636432,1,1
636458,1,3
636473,1,7
636487,3,5
636497,1,4
636509,1,3
636533,1,1
636539,2,4
636552,2,7
636553,5,6
636559,2,7
636570,2,4
636584,2,4
636587,1,2
636727,1,3
636729,1,3
636739,1,2
636744,1,2
636748,1,1
636750,1,1
636774,1,1
636775,4,9
636776,1,1
636781,2,3
636829,1,1
636847,1,0
636862,1,1
636940,1,2
636947,2,5
636957,1,2
636983,7,24
636992,1,1
637000,1,1
637007,4,13
637010,2,4
637023,1,0
637050,2,1
637076,1,1
637159,1,3
637160,5,12
637162,3,0
637163,3,0
637187,1,2
637234,1,2
637308,1,2
637330,1,1
637336,1,4
637337,1,1
637355,1,3
637357,1,3
637436,3,7
637437,3,9
637452,1,2
637475,1,1
637493,1,1
637494,1,1
637525,1,4
637571,1,3
637678,1,2
637679,1,3
637681,1,6
637735,1,2
637738,1,1
637749,1,2
637751,2,6
637759,1,2
637792,1,1
637841,1,1
637906,1,0
637954,2,7
637972,1,2
637974,1,2
637987,2,3
638032,1,0
638065,1,1
638076,1,1
638088,1,2
638090,1,2
638095,1,2
638110,1,1
638146,2,1
638172,1,1
638190,2,10
638211,1,3
638232,1,1
638272,1,2
638311,1,5
638312,1,6
638330,1,3
638475,2,2
638490,1,3
638500,1,10
638520,1,1
638538,8,29
638539,1,2
638540,1,1
638549,1,1
638649,1,2
638654,3,6
638656,1,1
638679,1,1
638696,1,1
638774,1,1
638800,1,8
638815,5,22
638816,3,5
638817,1,1
638819,1,3
638823,1,2
638891,2,2
638893,1,3
638905,3,13
638913,3,5
638914,4,13
638919,1,8
638928,1,1
638962,7,22
638965,1,1
638969,1,1
638987,1,1
639022,4,7
639036,3,4
639039,1,3
639070,1,6
639077,1,6
639088,1,1
639104,1,4
639106,1,1
639111,1,3
639181,6,14
639222,1,1
639274,2,3
639277,1,1
639320,1,4
639325,3,9
639387,1,4
639388,1,2
639447,2,6
639452,1,6
639470,1,1
639506,1,1
639534,1,1
639552,1,2
639556,1,2
639559,2,3
639621,1,1
639622,1,2
639667,2,3
639671,2,3
639696,1,1
639698,1,1
639708,1,2
639720,1,2
639798,2,2
639834,1,0
639845,1,2
639873,2,6
639876,4,6
639955,1,1
640010,1,3
640043,1,1
640076,1,2
640288,1,1
640395,1,1
640439,1,1
640504,1,0
640535,1,3
640559,1,2
640763,1,1
640852,1,2
641389,3,13
641442,1,1
641466,3,6
641473,1,1
641478,1,2
641479,2,1
641554,1,2
641570,1,5
641571,1,10
641711,1,0
641797,1,1
641841,1,1
642002,1,0
642040,1,2
642082,1,1
642192,1,1
642219,1,2
642276,1,0
642374,1,1
642432,1,2
642545,1,1
642703,1,0
642818,1,1
643216,1,1
643268,1,1
643291,1,2
643324,1,2
643420,1,1
643710,1,5
643749,2,7
643750,2,6
643767,1,3
643773,1,1
643841,1,3
644006,1,1
644266,1,1
644455,1,1
644674,1,1
644767,1,3
644872,1,1
645205,1,1
645308,1,2
645711,1,1
645918,1,2
646042,1,1
646054,1,1
646119,1,1
646148,1,3
646492,1,1
646536,1,1
646592,1,0
646604,1,0
646606,1,0
646660,1,1
646680,1,2
646767,1,1
646791,1,2
646835,1,2
646874,1,2
646891,1,2
647107,2,3
647248,1,0
647287,2,5
647386,1,1
647434,1,2
647457,1,1
647512,4,25
647835,1,1
648016,1,1
648238,1,4
648531,1,2
648693,1,2
648705,1,0
648845,1,1
648888,1,2
649097,1,4
649138,1,2
649518,1,1
649604,1,1
649797,1,0
649849,1,1
649987,1,3
650026,3,0
650032,3,0
650035,3,2
650101,2,6
650166,1,3
650254,1,1
650256,1,1
650319,1,1
650526,1,1
650615,1,1
650691,1,3
650708,1,5
650734,1,1
650751,1,0
650823,1,0
650866,1,3
650885,1,2
651137,1,5
651167,1,2
651172,2,5
651183,1,2
651197,1,2
651230,1,0
651237,1,0
651255,5,8
651261,3,8
651303,4,9
652252,1,1
652281,1,3
652393,1,1
652466,1,4
652513,1,2
652514,1,1
652526,1,1
652579,1,2
652587,1,3
652634,1,1
652663,1,1
652690,1,2
652696,1,0
652702,1,1
652704,1,1
652732,1,1
652803,1,1
652834,2,5
652841,2,5
652893,1,3
652946,1,1
653283,1,4
653288,1,6
653314,2,8
653356,1,1
653396,1,2
653477,1,1
653506,1,3
653560,1,2
653612,1,2
653613,1,2
653615,1,1
653626,2,3
653627,1,5
653654,3,17
653663,2,11
653678,3,6
653992,1,0
654322,1,1
654329,1,1
654526,1,2
654576,1,2
654650,1,1
654745,1,1
654777,1,2
655046,1,5
655050,1,3
655085,1,2
655141,2,0
655623,1,1
655716,1,2
655741,1,1
655808,1,1
655829,1,1
655858,1,2
655924,1,0
655971,2,4
655973,1,2
656013,1,2
656032,1,2
656044,1,1
656078,3,17
656145,1,1
656164,1,1
656170,2,2
656323,1,1
656334,1,1
656349,1,1
656350,1,1
656354,1,1
656355,1,1
656367,1,0
656413,1,0
656443,2,1
656446,1,0
656462,2,9
656463,2,2
656465,2,5
656479,1,2
656535,2,3
656575,2,2
656591,1,2
656593,1,18
656632,1,2
656837,1,1
656996,1,2
657015,1,2
657196,1,2
657204,2,7
657285,1,1
657292,1,1
657348,1,5
657367,1,2
657381,2,4
657397,1,1
657401,2,5
657499,1,1
657503,1,1
657517,1,1
657545,2,6
657546,1,3
657550,1,1
657551,1,1
657555,1,1
657559,2,4
657560,1,3
657673,1,1
657697,1,2
657913,1,1
658000,1,5
658037,1,7
658109,1,0
658133,1,6
658134,1,1
658142,2,8
658154,10,12
658203,2,0
658206,2,13
658209,1,1
658221,1,2
658235,1,1
658259,1,1
658296,1,0
658311,1,1
658355,3,6
658361,3,5
658363,1,1
658366,1,3
658408,1,1
658487,1,0
658506,1,2
658574,1,1
658661,1,1
658666,1,1
658938,1,1
659077,1,2
659120,1,3
659194,1,0
659404,1,1
659417,1,2
659419,4,7
659420,1,3
659423,1,1
659448,1,1
659449,1,1
659593,2,2
659631,1,1
659652,3,3
659655,1,5
659670,1,2
659747,1,5
659749,4,4
659979,1,2
659980,1,1
660000,1,2
660035,1,2
660041,1,1
660202,1,4
660224,1,1
660362,1,1
660481,1,2
660547,1,2
660584,2,4
660628,1,2
660630,1,1
660637,1,0
660775,1,1
660992,1,1
661148,1,3
661198,1,1
661201,1,1
661443,1,1
661491,1,2
661651,1,1
661668,4,12
661681,1,0
661696,1,1
661714,1,0
661767,1,1
661842,1,1
661917,1,0
661957,1,1
661987,1,2
661993,1,2
662012,5,7
662013,1,1
662019,1,1
662021,1,1
662023,7,12
662048,1,1
662063,1,0
662080,1,5
662095,1,1
662403,5,25
662438,1,2
662478,1,3
662482,2,7
662483,2,10
662485,1,1
662522,1,4
662559,1,2
662560,1,1
662574,1,2
662578,1,2
662588,1,2
662645,4,5
662748,1,0
662807,1,1
662855,1,4
662861,1,1
662862,1,3
662873,1,0
662901,1,1
662911,1,3
662935,1,1
662951,4,7
662959,2,3
662960,1,1
662982,2,4
663015,1,0
663017,1,2
663023,4,9
663025,1,2
663028,1,2
663103,2,4
663165,1,2
663167,1,1
663336,1,1
663345,2,4
663351,2,4
663415,1,2
663420,1,2
663642,1,2
664001,1,1
664102,1,4
664204,1,2
664412,1,3
664415,1,4
664544,1,1
664631,1,1
664639,1,0
664731,1,2
664748,1,1
664816,1,0
664955,1,1
665018,1,1
665029,1,1
665291,1,2
665303,1,4
665305,10,38
665314,3,18
665315,2,4
665319,1,2
665368,1,1
665407,3,15
665410,2,7
665413,3,2
665452,1,4
665465,1,1
665466,2,1
665475,1,2
665481,1,1
665490,1,4
665493,1,6
665505,1,3
665506,1,1
665514,1,2
665710,1,1
665716,1,2
665772,1,1
665822,1,1
665862,1,9
665913,2,5
666015,1,2
666016,3,9
666019,1,2
666519,1,2
666521,1,2
666525,1,2
666565,1,0
666604,1,1
666625,1,1
666626,1,2
666738,1,1
666927,1,1
666949,1,2
666963,2,3
666964,2,4
667001,3,9
667034,1,5
667040,1,1
667051,1,1
667055,1,4
667059,3,7
667074,4,8
667079,2,3
667082,1,3
667090,2,6
667093,1,2
667133,1,2
667148,1,1
667180,1,3
667241,1,1
667251,1,7
667258,1,3
667297,2,2
667299,3,13
667318,2,5
667319,3,23
667401,2,24
667402,2,8
667404,8,24
667408,2,2
667431,1,1
667437,1,1
667464,1,1
667519,1,3
667561,1,3
667566,2,4
667578,2,10
667585,1,2
667586,1,0
667591,1,4
667611,1,6
667626,1,4
667627,1,2
667677,1,2
667681,2,23
667686,1,2
667692,4,11
667703,1,5
667706,2,3
667709,1,3
667710,1,4
667732,1,5
667755,1,4
667770,1,1
667785,1,0
667786,1,1
667800,1,1
667866,1,0
667868,4,12
667904,1,2
667939,1,3
667983,1,2
667994,1,0
668039,3,9
668092,1,1
668135,1,0
668140,1,0
668145,1,1
668159,1,1
668161,4,4
668193,1,8
668194,1,1
668199,1,4
668209,1,1
668238,1,1
668256,1,3
668263,2,12
668267,1,0
668375,1,1
668380,1,2
668401,1,1
668415,2,4
668526,1,3
668583,1,1
668603,3,5
668632,4,7
668633,2,3
668634,5,9
668636,7,19
668644,3,5
668655,2,3
668663,1,1
668684,1,2
668705,1,3
668716,1,0
668730,1,1
668734,1,5
668763,1,2
668822,3,19
668823,1,1
668835,1,2
668854,3,0
668856,1,1
668860,1,1
668878,1,4
668880,3,12
668908,1,1
668930,1,1
668970,3,7
668974,3,9
668981,1,2
669015,1,1
669028,5,15
669031,2,5
669033,1,3
669075,2,8
669112,1,2
669193,2,4
669194,2,4
669200,2,4
669201,3,6
669203,3,6
669209,2,4
669228,3,11
669252,2,4
669289,1,4
669292,2,0
669323,1,1
669394,1,0
669400,1,2
669408,3,4
669414,3,3
669417,1,2
669446,4,7
669448,3,3
669450,1,2
669451,1,2
669463,5,11
669464,1,3
669466,4,7
669489,1,2
669556,1,2
669580,1,2
669599,1,2
669623,1,1
669642,3,7
669647,5,11
669695,2,2
669716,1,4
669731,1,1
669753,1,1
669764,1,2
669777,1,2
669778,1,2
669779,1,2
669799,1,2
669823,4,9
669849,1,1
669853,1,2
669854,8,34
669859,1,3
669889,1,0
669891,1,4
669932,1,0
669951,1,1
669952,1,4
669974,1,4
670144,1,2
670148,3,13
670158,5,7
670166,1,4
670168,1,1
670184,1,3
670186,1,3
670213,1,1
670260,3,8
670262,1,3
670263,2,3
670266,2,5
670299,2,4
670414,1,1
670424,2,4
670429,1,1
670441,2,3
670445,1,2
670462,3,8
670478,1,1
670480,2,5
670512,2,5
670595,1,4
670597,1,2
670604,1,3
670727,1,3
670772,1,1
670780,1,1
670810,2,1
670821,8,17
670822,4,5
670911,1,2
670919,2,2
670934,1,3
670956,2,6
670959,4,11
670960,2,8
670961,1,6
670962,2,5
670972,2,9
670980,1,1
670984,5,16
670987,1,1
671028,3,7
671029,1,3
671045,1,2
671053,2,3
671058,1,5
671060,2,4
671083,1,1
671087,1,1
671088,3,6
671104,3,7
671105,1,4
671114,1,2
671130,4,16
671164,1,1
671166,2,4
671192,1,1
671217,1,1
671255,8,34
671258,2,10
671259,7,30
671265,1,3
671276,5,6
671308,2,2
671391,6,12
671399,1,3
671420,2,5
671421,2,5
671424,1,1
671437,2,2
671445,2,3
671446,1,0
671454,1,8
671456,3,16
671461,5,7
671464,7,41
671474,1,0
671480,1,2
671495,4,8
671499,2,4
671546,1,5
671547,1,8
671590,1,2
671608,1,0
671623,5,10
671652,1,1
671672,1,2
671677,1,6
671679,1,1
671688,1,1
671691,1,0
671800,1,2
671815,4,16
671841,4,10
671866,1,2
671879,1,1
671911,1,1
671933,1,1
671988,3,5
672077,1,2
672079,1,3
672136,1,1
672138,1,1
672165,1,1
672168,3,11
672176,1,1
672177,1,0
672179,2,2
672180,2,11
672223,2,0
672225,1,1
672235,1,4
672237,2,2
672265,3,8
672268,1,1
672271,5,8
672308,1,1
672402,1,3
672407,1,3
672453,1,9
672469,3,13
672474,5,9
672475,11,29
672514,1,1
672538,1,1
672549,1,2
672573,7,15
672578,1,2
672600,2,2
672618,20,44
672676,2,4
672697,1,3
672717,1,1
672753,1,1
672826,1,6
672830,1,1
672857,1,1
672861,2,10
672870,8,57
672871,4,16
672872,1,2
672917,1,2
672930,1,3
672932,1,1
672936,1,1
672965,1,2
673032,1,3
673060,1,1
673087,1,0
673226,2,5
673235,1,1
673398,1,0
673425,2,3
673432,1,2
673523,1,1
673525,1,1
673541,2,6
673543,1,1
673585,1,1
673608,1,5
673720,1,1
674015,1,4
674053,1,3
674089,1,1
674208,1,1
674332,2,3
674334,1,2
674340,1,2
674382,1,1
674432,1,2
674463,1,3
674473,1,1
674495,1,3
674530,1,2
674858,1,1
674861,1,1
675097,1,1
675145,1,1
675381,1,2
675411,1,1
675454,1,2
675474,1,2
675659,1,0
675721,1,2
675853,1,1
675962,1,1
676036,1,2
676095,1,1
676424,1,2
676566,1,1
676634,1,2
676641,1,2
676805,1,3
677245,1,2
677250,1,1
677308,2,4
677404,3,8
677447,1,0
677456,2,3
677610,1,0
677680,1,0
677700,1,1
677723,1,2
677898,1,2
678191,1,1
678203,1,1
678266,1,2
678391,1,2
678442,1,2
678584,1,1
678680,1,1
678765,1,2
678768,1,1
679195,1,1
679227,1,2
679306,1,2
679425,1,3
679609,1,1
679748,1,1
679790,1,0
679875,1,1
680068,1,2
680479,1,2
680627,1,1
680773,1,1
680831,1,1
680908,1,1
680969,1,2
681171,1,1
681263,1,0
681356,1,2
681427,1,3
681520,1,3
681616,1,0
681726,1,0
681811,1,4
681870,1,0
681944,1,0
681945,1,0
682011,1,1
682089,1,2
682253,1,2
682332,1,2
682370,1,1
682417,1,1
682550,1,2
682609,1,2
682687,1,1
682916,1,1
682975,1,1
682988,1,1
682997,1,1
683091,1,0
683101,1,1
683136,1,1
683173,1,1
683200,1,2
683234,1,1
683241,1,0
683415,1,3
683486,1,2
683937,1,1
683941,1,0
683990,1,0
684007,1,0
684026,2,0
684028,1,1
684082,1,2
684147,1,1
684224,1,2
684276,1,1
684311,1,4
684312,1,2
684315,1,2
684752,1,2
684754,1,2
685073,1,0
685284,1,1
685372,1,1
685923,1,1
685928,1,3
685987,1,2
686124,1,1
686192,1,2
686218,1,1
686442,1,3
686533,1,3
686545,1,1
686567,1,2
686572,1,1
686623,1,2
686636,2,4
686700,1,4
686917,1,1
686942,1,1
687046,1,1
687050,1,1
687096,1,2
687163,1,1
687189,1,2
687190,2,6
687192,2,6
687193,3,6
687247,1,1
687299,1,0
687302,2,2
687328,1,1
687373,1,1
687406,2,7
687468,3,4
687491,2,3
687500,2,3
687502,2,3
687565,1,6
687566,1,1
687603,1,1
687632,1,0
687643,1,1
687657,1,2
687698,1,3
687702,1,2
687756,1,2
688000,1,1
688021,1,1
688416,3,0
688481,2,4
688482,1,1
688516,1,4
688521,1,3
688637,1,1
688659,1,3
688711,1,1
688796,1,0
688800,1,2
688806,2,7
688837,1,1
688870,1,1
688876,2,9
688913,2,6
688933,1,1
688953,1,0
689040,1,8
689041,1,0
689097,1,1
689100,1,1
689114,3,12
689145,2,4
689212,1,2
689219,1,1
689293,1,1
689317,1,0
689352,1,1
689382,7,15
689402,1,1
689424,1,1
689426,1,1
689431,1,1
689433,1,1
689434,1,1
689463,1,4
689466,1,1
689480,1,3
689544,1,1
689550,1,2
689566,1,1
689582,1,2
689605,5,12
689640,1,0
689698,1,2
689722,4,7
689748,1,0
689749,1,2
689752,1,1
689770,1,9
689793,2,4
689827,1,3
689829,1,4
689845,2,6
689849,2,3
689879,1,1
690009,1,2
690011,3,13
690032,1,1
690090,1,1
690094,3,7
690160,1,1
690242,1,1
690272,1,1
690298,1,1
690498,2,0
690560,1,1
690566,1,1
690604,1,3
690790,1,1
690833,1,0
690924,1,2
691014,1,1
691089,1,2
691254,1,0
691335,1,1
691345,1,2
691431,2,3
691434,1,1
691459,1,2
691492,1,1
691522,1,1
691560,1,1
691587,1,1
691589,2,5
691608,2,5
691616,1,2
691619,2,3
691620,2,4
691621,1,1
691622,5,24
691705,1,1
691710,1,0
691721,1,1
691722,2,3
691723,2,11
691724,1,5
691726,1,3
691797,1,3
691955,1,1
691987,1,0
692045,1,3
692118,1,2
692184,1,1
692265,1,1
692366,1,2
692428,1,0
692464,1,1
692700,1,4
692844,1,3
692845,1,3
692911,1,1
692969,1,3
693005,1,0
693037,1,1
693134,1,1
693270,1,1
693308,1,6
693341,1,4
693468,2,2
693492,1,1
693530,1,3
693735,1,0
693826,1,0
693989,1,2
694103,1,3
694167,1,1
694189,1,2
694218,1,2
694239,1,1
694260,1,1
694513,1,3
694644,1,2
694800,1,3
694801,1,3
694849,1,3
694941,1,1
695020,1,0
695217,1,1
695276,1,1
695311,1,1
695459,1,0
695468,1,1
695598,1,0
695602,2,1
695603,1,1
695745,1,2
696069,1,2
696121,1,1
696122,2,0
696136,1,2
696138,1,2
696143,1,1
696201,1,1
696275,1,2
696396,1,2
696449,1,0
696507,1,3
696531,1,1
696701,1,1
696884,1,1
696976,1,1
697154,1,2
697242,1,0
697375,1,0
697449,1,1
697987,1,0
697997,1,1
698015,1,1
698084,1,0
698106,1,2
698144,1,1
698195,1,1
698238,1,1
698244,1,1
698590,1,0
698594,1,0
698711,1,1
698725,1,1
698791,1,2
698851,1,2
699215,1,1
699325,1,2
699378,1,1
699406,1,1
699579,1,4
699634,1,1
699771,1,2
699896,2,5
700050,1,3
700177,1,1
700247,1,2
700255,1,1
700260,1,1
700262,1,1
700339,1,1
700490,1,2
700584,1,2
700593,1,1
700807,1,2
700837,1,1
700956,1,2
701064,1,2
701075,1,1
701104,1,1
701155,1,1
701201,1,1
701238,1,2
701318,1,0
701330,1,3
701343,1,1
701359,1,4
701393,4,6
701423,1,2
701432,1,1
701478,1,2
701517,1,1
701518,1,2
701533,3,14
701535,1,3
701536,1,1
701565,1,3
701593,1,1
701595,2,2
701617,1,1
701619,1,1
701620,2,2
701641,1,1
701742,2,3
701748,1,1
701773,1,1
701784,1,1
701846,1,2
701906,1,2
701986,1,1
702000,1,2
702088,1,1
702125,1,1
702144,2,0
702152,1,2
702213,1,2
702338,1,1
702404,1,1
702447,1,0
702457,1,1
702546,1,1
702796,2,4
702871,1,2
702901,1,3
702978,2,4
703010,1,2
703027,4,8
703092,1,2
703132,2,5
703148,1,3
703174,1,2
703207,1,1
703220,1,3
703223,1,2
703284,1,3
703305,1,2
703331,1,1
703374,1,1
703435,1,2
703494,1,6
703506,1,1
703536,1,1
703561,1,2
703582,3,7
703640,1,1
703700,1,2
703800,1,3
703816,1,1
703817,1,1
703912,1,1
703929,1,2
703973,1,1
703983,1,2
704206,1,1
704221,1,2
704224,2,5
704245,1,1
704252,1,1
704255,1,2
704258,1,3
704302,1,1
704304,1,3
704351,1,1
704376,2,2
704404,1,2
704448,1,6
704871,1,3
704912,1,2
704999,1,2
705240,1,3
705242,1,2
705673,1,0
705705,1,1
705762,1,1
705830,1,2
705884,2,2
705933,1,3
705973,1,1
706041,1,2
706075,1,4
706220,1,2
706260,1,2
706263,1,3
706424,1,3
706558,1,2
706559,1,2
706606,1,1
706619,1,1
706636,1,1
706716,1,0
706781,1,0
706824,2,6
706837,1,1
706866,1,1
706911,1,1
707160,1,1
707195,1,0
707290,1,1
707294,1,3
707476,1,3
707489,1,1
707496,1,0
707497,1,5
707530,3,4
707532,2,3
707541,1,4
707552,1,1
707561,1,3
707706,1,3
707740,3,5
707741,1,1
707745,1,1
707756,1,3
707770,2,8
707794,1,1
707823,1,2
707827,2,9
707846,2,4
707893,1,1
707997,1,1
708109,1,1
708324,1,2
708326,1,1
708385,1,3
708409,1,4
708413,1,1
708503,1,0
708524,3,5
708526,1,2
708535,1,2
708536,2,2
708543,1,8
708549,1,1
708551,1,1
708566,1,1
708589,1,1
708600,1,1
708626,2,2
708701,2,4
708710,1,2
708744,1,2
708793,2,2
708794,1,1
708873,1,2
708909,5,14
709002,1,6
709013,2,3
709014,2,3
709025,1,2
709047,1,2
709077,1,2
709083,1,1
709205,1,4
709218,1,2
709257,3,3
709277,1,2
709301,1,2
709316,5,10
709317,3,3
709357,1,4
709378,2,7
709412,2,4
709436,1,0
709444,1,0
709445,1,2
709580,1,1
709582,1,1
709634,2,2
709640,1,0
709642,1,1
709649,1,2
709651,1,2
709660,6,14
709662,2,3
709663,2,2
709700,1,3
709712,1,4
709714,1,2
709740,1,3
709741,2,4
709744,1,4
709801,1,1
709816,2,2
709818,2,3
709826,4,7
709829,1,1
709831,2,6
709833,2,2
709837,1,1
709838,2,6
709884,1,1
709930,1,1
709935,1,1
709951,1,1
709953,1,2
709958,1,1
710095,1,1
710097,3,3
710125,1,1
710145,1,1
710166,1,1
710177,3,4
710241,3,10
710287,1,2
710307,4,11
710308,1,1
710318,1,1
710367,1,2
710369,5,10
710432,1,1
710575,1,2
710608,1,2
710646,1,2
710695,1,1
710741,2,4
710742,4,15
710744,5,34
710840,2,2
710923,2,10
710925,1,4
710929,2,2
710931,1,0
710961,1,1
710975,1,0
711002,1,1
711143,1,1
711320,1,1
711569,1,0
711679,1,0
711767,1,1
711938,1,4
712142,1,2
712305,2,3
712536,1,2
712618,1,1
712967,1,1
713380,4,6
713393,1,3
713422,1,2
713461,3,7
713508,1,2
713540,1,2
713751,1,1
714124,1,1
714404,1,2
714494,1,3
714759,1,1
714763,1,3
715068,1,2
715077,1,1
715122,1,0
715123,1,1
715269,1,1
715567,1,2
715859,1,1
715926,1,1
716051,1,2
716194,1,2
716236,1,2
716252,1,2
716366,1,3
716437,1,0
716504,1,2
716571,1,1
716600,1,1
716601,1,1
716842,1,1
716923,1,3
717230,2,2
717270,1,0
717306,1,3
717377,1,2
717419,1,2
717760,1,1
717961,1,1
717987,1,1
718015,1,2
718457,1,1
718664,1,1
718701,1,1
718770,1,1
718774,1,1
718812,1,1
718846,2,1
719079,1,2
719294,1,2
719491,1,0
719593,1,1
719602,1,2
719626,1,0
719667,1,1
720017,2,9
720052,1,1
720068,1,3
720139,1,1
720397,1,1
720635,1,1
720735,1,0
720955,1,0
721099,1,1
721148,1,2
721151,1,2
721327,1,0
721366,1,1
721390,1,1
721455,2,10
721473,1,4
721496,1,1
721512,1,1
721513,1,3
721525,1,1
721541,1,3
721579,1,0
721593,1,2
721669,1,2
721689,1,1
721727,1,2
721921,3,1
721943,2,4
721977,1,1
721987,1,1
722056,1,1
722118,1,2
722121,1,1
722122,1,1
722123,1,2
722124,2,9
722126,1,0
722134,1,1
722195,1,1
722245,1,1
722305,1,1
722307,2,8
722328,1,1
722441,1,0
722557,1,0
722572,1,5
722575,1,2
722579,1,4
722625,1,4
722661,1,1
722667,1,3
722681,1,2
722705,2,9
722723,1,1
722737,1,1
722823,6,9
722873,1,3
722876,2,9
722896,1,1
722985,1,1
722998,1,6
723001,2,3
723094,1,2
723139,1,4
723141,1,2
723171,2,14
723178,1,1
723304,1,2
723307,1,0
723349,1,0
723351,1,3
723353,2,6
723372,1,0
723386,3,3
723393,3,4
723404,2,4
723416,1,2
723456,1,1
723559,1,6
723560,2,6
723610,1,1
723641,1,1
723646,1,1
723647,1,1
723735,1,1
723746,1,1
723758,1,4
723827,1,2
723893,1,1
723902,1,1
723930,1,5
723933,2,2
723936,1,0
723989,1,0
724041,1,1
724076,1,2
724096,1,1
724107,1,1
724124,1,3
724172,1,1
724179,1,1
724187,1,0
724188,1,1
724191,1,1
724192,1,1
724193,1,0
724220,1,1
724224,1,1
724235,1,2
724247,1,2
724288,2,3
724289,1,1
724292,5,12
724294,2,3
724313,1,1
724317,2,6
724523,1,3
724524,1,3
724530,1,0
724560,1,5
724566,1,1
724604,1,4
724647,1,0
724704,1,2
724728,1,2
724747,4,10
724821,1,2
724875,1,2
724912,1,2
724913,1,0
724915,1,1
724918,1,4
724927,1,0
724959,1,2
724972,1,1
724978,2,1
725042,1,1
725055,1,2
725092,1,3
725104,1,2
725173,1,2
725255,1,1
725283,1,3
725355,1,0
725356,1,5
725362,1,1
725375,1,1
725383,1,0
725398,2,1
725445,1,2
725492,1,2
725519,1,1
725536,1,1
725543,1,1
725563,1,1
725606,1,3
725629,1,1
725657,1,2
725685,1,2
725759,2,4
725760,2,4
725767,1,4
725780,1,2
725903,1,0
726086,1,1
726121,1,1
726137,1,1
726456,1,2
726585,1,1
726685,6,22
726829,1,2
726904,1,1
726950,1,0
727001,1,3
727074,1,1
727222,1,1
727259,1,1
727396,1,0
727443,1,1
727577,1,1
727638,1,1
727866,1,1
728115,1,1
728118,1,2
728143,1,1
728154,1,1
728195,2,3
728354,1,2
728400,1,1
728551,1,1
728555,1,1
728735,1,2
728741,1,0
729031,1,0
729142,1,1
729167,1,2
729206,1,3
729289,1,1
729595,1,1
729612,1,1
729667,1,2
729859,1,2
729867,1,1
730005,1,1
730307,1,4
730341,1,1
730422,1,1
730479,1,7
730499,1,1
730555,1,3
730586,1,1
730719,1,1
730778,1,3
731117,1,1
731368,1,0
731500,1,0
731551,1,1
731565,1,1
731610,1,0
731649,1,1
731719,1,1
731776,1,2
732208,1,2
732270,1,0
732285,1,0
732535,1,1
732608,1,2
732648,1,0
732650,1,1
732770,1,3
732774,1,1
732938,1,2
732941,1,2
733048,1,1
733137,1,2
733162,1,1
733258,1,1
733313,2,6
733314,1,2
733317,2,6
733322,2,6
733325,2,6
733326,2,6
733384,1,1
733505,1,2
733604,1,1
733645,1,0
733723,2,0
733931,1,2
733967,1,1
733999,1,2
734068,1,2
734155,1,1
734218,1,3
734289,1,0
734297,1,3
734298,1,1
734299,1,1
734301,1,2
734302,1,3
734308,1,1
734313,1,3
734324,1,1
734358,1,1
734415,1,1
734417,1,0
734435,1,0
734436,1,0
734507,1,2
734521,2,6
734523,1,12
734527,1,7
734639,1,1
734656,1,2
734657,1,2
734672,2,4
734708,1,10
734746,1,1
734753,2,7
734765,1,1
734776,1,2
734781,1,4
734832,2,5
734906,1,2
734943,1,1
734948,1,6
734960,1,3
734978,1,2
735061,1,2
735068,1,0
735092,1,1
735307,1,2
735444,1,1
735559,3,8
735568,3,11
735569,5,16
735626,2,2
735691,1,1
735739,1,2
735752,1,2
735754,1,2
735759,1,1
735769,1,2
735795,1,8
735796,1,2
735797,1,20
735800,5,27
735822,1,1
735850,1,1
735999,1,1
736003,1,2
736034,9,22
736039,1,1
736076,1,1
736078,1,3
736145,1,1
736148,2,5
736149,3,6
736386,2,3
736466,1,0
736491,1,0
736535,1,2
736695,3,17
736720,1,2
736745,1,2
736763,2,2
736765,1,2
736825,1,2
736931,1,1
736939,1,2
736981,5,19
736999,5,7
737007,1,0
737016,1,7
737068,1,1
737071,3,8
737072,1,5
737122,1,2
737171,2,3
737172,2,8
737212,1,1
737295,2,8
737297,4,14
737303,2,8
737310,1,1
737323,2,8
737324,1,7
737333,1,2
737334,7,20
737357,1,2
737359,2,16
737369,2,4
737373,1,1
737376,2,3
737412,1,2
737454,1,2
737464,1,5
737465,2,7
737466,1,3
737473,1,4
737478,1,7
737479,1,4
737510,1,4
737522,3,7
737555,1,1
737577,1,4
737587,2,3
737588,1,5
737652,2,7
737659,1,7
737680,1,1
737681,1,1
737690,2,4
737691,1,4
737696,1,3
737700,2,4
737721,1,1
737722,1,1
737755,3,5
737756,1,1
737813,1,0
737881,1,0
737979,4,10
737983,1,3
737990,1,1
738010,1,3
738031,1,4
738032,1,1
738039,4,5
738047,3,5
738061,3,5
738066,1,1
738072,1,2
738077,1,1
738080,1,2
738141,1,0
738232,1,1
738252,1,1
738270,1,4
738274,1,1
738304,1,1
738356,1,2
738385,1,0
738387,1,3
738391,2,2
738411,1,2
738412,1,1
738413,1,0
738414,1,3
738420,2,3
738439,1,1
738501,1,2
738571,1,1
738573,1,2
738596,1,1
738612,1,2
738620,1,3
738622,1,0
738623,1,0
738638,1,2
738639,1,4
738650,1,1
738663,1,1
738721,1,3
738725,2,1
738756,1,1
738777,1,1
738781,1,1
738787,1,1
738791,1,1
738808,1,3
738949,1,0
738970,1,1
739093,1,1
739110,1,1
739180,1,1
739343,1,1
739368,1,1
739723,1,1
739741,1,1
739970,1,1
739992,1,2
740008,1,2
740036,1,3
740061,1,1
740140,1,1
740171,1,1
740280,1,3
740285,1,3
740356,1,0
740388,1,2
740424,1,2
740501,1,0
740726,1,3
741129,1,0
741172,1,1
741753,1,1
741838,1,0
741901,1,3
741909,1,2
741931,1,1
742191,1,2
742196,1,1
742416,1,1
742458,1,2
742473,1,2
742863,1,0
742894,1,1
742971,1,1
743003,1,0
743010,1,1
743020,1,1
743347,1,2
743421,1,1
743423,2,4
743556,1,2
743565,1,2
743746,1,2
743902,1,1
743931,1,1
744130,1,2
744296,1,0
744418,1,1
744542,1,2
744563,1,0
744565,1,1
744619,1,1
744705,1,2
744724,1,4
744739,1,1
744740,1,4
744788,1,2
744816,1,1
744856,1,0
745022,1,2
745174,1,1
745200,1,3
745218,3,7
745315,2,5
745325,1,2
745354,1,1
745540,1,2
745546,1,0
745554,3,7
745562,1,2
745654,5,12
745667,1,1
745683,1,2
745695,4,6
745747,4,7
745748,1,5
745760,1,2
745795,1,2
745813,1,1
745814,1,2
745881,1,1
745895,1,4
745898,1,1
745902,1,3
745914,1,1
746091,1,2
746096,1,1
746104,1,2
746108,1,2
746134,1,0
746135,1,2
746138,1,2
746156,1,1
746160,1,2
746203,3,7
746205,1,3
746243,1,5
746277,1,2
746335,1,1
746338,1,0
746370,1,0
746392,1,1
746429,2,5
746433,2,6
746437,1,4
746453,1,2
746461,1,5
746478,1,2
746486,2,14
746491,1,0
746496,1,5
746498,2,11
746500,3,8
746533,1,0
746540,2,11
746545,1,1
746575,1,5
746589,1,0
746623,1,3
746642,1,2
746657,1,2
746668,1,0
746674,1,1
746683,2,2
746685,1,2
746686,1,4
746695,2,7
746728,1,1
746752,1,2
746837,1,0
746838,1,0
746849,1,2
746850,3,7
746867,1,1
746893,1,1
746895,1,1
746906,2,6
746923,1,4
746987,1,3
747011,1,1
747018,1,3
747025,1,1
747029,6,23
747039,2,5
747061,1,3
747071,4,5
747074,1,2
747115,1,1
747127,2,6
747128,3,15
747132,1,4
747141,1,1
747149,1,2
747178,1,1
747212,1,2
747259,1,1
747299,1,1
747373,1,2
747385,1,2
747403,1,2
747426,1,1
747430,1,3
747490,1,0
747505,1,8
747511,1,4
747539,1,1
747549,1,0
747559,1,4
747570,1,4
747617,1,2
747619,1,5
747633,1,2
747666,1,0
747687,1,3
747718,1,0
747936,1,1
747939,1,1
747941,1,4
747966,1,2
748155,1,1
748326,1,1
748571,1,2
748626,1,2
748814,1,1
748830,1,1
748861,1,2
749028,1,0
749120,1,1
749563,1,1
749589,1,1
749718,1,2
749738,1,1
749764,1,1
749920,1,1
749953,1,1
749975,1,2
750110,2,1
750141,1,2
750274,6,10
750298,2,4
750905,1,1
750993,1,1
750999,1,0
751008,1,1
751067,1,2
751131,1,1
751164,2,2
751255,1,0
751513,1,2
751986,1,1
752014,2,0
752020,1,0
752070,1,2
752210,1,1
752387,1,1
752486,1,1
752978,1,1
753023,1,2
753028,1,2
753142,1,2
753196,1,2
753242,1,3
753275,1,2
753300,1,4
753692,1,0
753798,1,1
753800,1,2
753821,1,2
754026,1,1
754039,1,5
754072,1,1
754253,1,2
754385,5,12
754386,1,2
754471,2,0
754475,1,3
754481,1,0
754553,2,6
754554,2,6
754555,2,3
754616,1,1
754618,1,2
754619,4,6
754624,2,6
754628,1,2
754636,1,1
754651,1,2
754675,1,1
754680,2,10
754686,1,1
754762,1,1
754785,1,5
754843,1,1
754887,1,1
754936,1,1
754997,2,2
755001,1,1
755035,1,2
755036,1,1
755048,3,6
755080,4,8
755087,1,0
755103,1,2
755231,1,10
755241,1,1
755256,5,31
755262,1,2
755263,1,4
755267,2,6
755269,1,4
755272,2,6
755275,1,4
755331,1,2
755335,2,1
755370,1,3
755371,3,5
755374,1,0
755397,1,1
755499,1,1
755625,2,5
755662,1,3
755716,1,1
755755,1,4
755771,2,6
755802,1,2
755804,1,1
755820,1,2
755829,2,1
755869,7,26
755872,1,1
755873,1,1
755876,1,2
755892,1,2
755897,1,7
755900,4,21
755904,1,2
755935,1,3
755938,2,1
755940,1,3
755948,3,3
755980,1,5
755994,1,3
756008,1,3
756014,1,1
756017,1,3
756022,1,1
756027,1,5
756029,1,4
756076,1,1
756083,1,2
756139,1,1
756154,1,1
756214,1,2
756345,1,1
756381,1,2
756564,2,2
756633,1,1
756639,1,0
756672,1,1
756699,3,2
756700,1,2
756718,1,2
756735,1,3
756756,2,4
756758,1,0
756776,2,5
756779,1,2
756785,1,1
756888,1,3
756908,1,1
756913,1,3
756923,3,12
756927,2,10
756929,1,1
756939,2,2
756940,1,7
756980,1,3
757037,1,1
757094,1,1
757346,1,2
757443,1,0
757534,1,2
757752,1,2
757753,1,2
757797,1,2
757810,2,0
757848,1,1
757987,1,1
758065,1,2
758150,1,1
758374,2,5
758376,2,3
758381,1,2
758382,4,11
758388,1,0
758393,1,4
758394,1,3
758396,1,0
758427,2,6
758451,1,1
758492,2,6
758499,3,6
758536,1,1
758540,1,3
758666,2,6
758730,1,1
758826,1,1
758994,1,2
759152,1,2
759245,1,1
759331,1,1
759492,1,1
759556,2,3
759596,1,0
759600,3,13
759644,1,2
759664,2,4
759683,1,1
759701,3,8
759703,3,5
759728,1,1
759730,3,6
759770,1,1
759780,1,3
759827,1,3
759832,1,1
759841,2,5
759877,5,18
759894,1,1
759903,1,2
759913,1,2
759950,1,1
759961,1,0
759963,1,1
759990,1,2
760110,1,1
760111,1,2
760123,1,2
760154,1,0
760172,1,1
760271,2,2
760306,1,1
760340,1,0
760350,1,1
760368,1,0
760391,1,0
760488,1,2
760498,1,1
760531,1,0
760574,4,8
760580,1,4
760581,1,4
760615,1,0
760634,1,2
760709,1,1
760713,1,2
760720,1,5
760721,2,2
760783,1,2
760791,1,1
760798,3,5
760824,2,1
760835,1,4
760836,1,3
760853,2,2
760862,1,3
760876,1,5
760906,1,1
760931,1,0
760965,1,3
760972,1,2
760984,1,3
760985,1,4
761001,1,0
761024,3,3
761085,1,1
761113,1,1
761120,2,4
761150,1,4
761151,1,1
761180,2,8
761203,2,6
761213,3,6
761236,2,6
761256,2,10
761260,1,1
761275,6,26
761278,5,18
761281,1,4
761332,1,1
761336,1,2
761338,8,20
761339,1,1
761352,1,1
761368,1,3
761369,2,3
761385,1,1
761394,1,1
761423,1,1
761426,1,1
761427,1,1
761437,1,1
761443,1,1
761471,1,2
761518,3,9
761523,3,9
761525,1,3
761527,1,1
761590,1,4
761594,1,2
761603,1,1
761626,1,3
761627,3,12
761691,11,56
761692,2,6
761826,1,6
761918,2,7
762005,1,3
762012,3,3
762016,1,1
762018,1,1
762033,1,2
762050,2,11
762051,1,1
762052,3,7
762053,2,13
762060,1,1
762077,1,1
762086,1,3
762089,1,1
762100,1,1
762147,1,5
762149,1,2
762156,3,13
762158,4,6
762196,1,1
762198,1,0
762210,1,0
762232,4,9
762233,2,6
762239,1,2
762241,2,4
762243,2,2
762251,1,1
762266,3,11
762267,1,6
762274,1,1
762294,5,12
762325,2,3
762333,1,1
762391,1,2
762424,1,2
762471,1,2
762492,2,3
762516,1,1
762570,4,20
762574,1,5
762579,5,15
762588,2,1
762589,3,13
762592,2,5
762614,1,2
762629,2,4
762705,5,22
762707,2,8
762723,1,3
762724,2,4
762741,2,7
762764,2,1
762766,3,3
762770,3,5
762772,1,1
762781,1,3
762796,1,5
762807,2,2
762808,3,4
762836,1,1
762868,2,5
762904,2,3
762915,1,1
762916,3,9
762922,2,6
762933,1,1
762941,1,1
762946,1,2
762979,1,1
763022,2,3
763040,2,7
763054,3,10
763086,1,5
763091,3,8
763105,1,3
763106,1,3
763108,1,1
763109,1,1
763165,1,0
763177,2,6
763185,1,3
763189,1,1
763205,1,3
763211,3,19
763213,1,2
763323,1,10
763325,2,4
763341,1,1
763343,1,2
763344,1,3
763352,1,2
763372,1,2
763375,1,5
763409,1,4
763422,1,0
763472,2,6
763485,1,4
763494,5,20
763499,12,50
763500,2,5
763518,1,4
763528,1,1
763586,1,1
763606,2,2
763609,9,16
763651,1,1
763734,1,3
763767,1,2
764080,1,0
764150,1,2
764541,1,0
764600,1,9
764735,1,2
764902,1,3
764966,1,0
765074,1,0
765114,1,2
765147,1,1
765190,1,1
765283,1,2
765292,1,1
765299,1,7
765300,3,3
765504,1,2
765710,1,1
765770,1,1
765878,1,1
765888,1,1
765918,1,1
765955,1,3
765973,1,4
766079,1,2
766428,1,1
766842,1,0
767080,1,1
767105,1,1
767156,2,0
767258,1,3
767285,1,0
767346,1,3
767482,1,2
767483,1,2
767548,1,1
767612,1,2
767615,1,1
767678,1,0
767780,1,1
767790,1,1
767992,3,1
767996,4,3
767997,4,3
768005,4,1
768134,1,1
768147,1,1
768286,1,3
768469,1,1
768494,1,0
768509,2,0
768513,1,0
768559,1,0
768844,2,2
768855,1,3
769019,2,3
769303,1,1
769387,1,0
769422,1,1
769486,1,3
769487,1,3
769760,1,1
769771,1,2
769840,1,1
769932,1,1
769943,1,2
770151,1,3
770366,1,1
770784,1,1
770811,1,0
770905,1,1
771063,1,1
771116,2,5
771238,1,1
771328,1,2
771424,1,1
771444,1,0
771452,1,0
771461,2,1
771515,1,1
771641,1,2
771650,1,3
772102,1,2
772210,1,2
772211,1,2
772213,1,2
772257,1,1
772295,1,0
772741,1,2
773119,1,1
773185,1,1
773213,1,0
773429,1,2
773598,1,0
773599,1,0
773622,1,2
773702,1,1
773704,1,2
773717,1,3
773785,3,8
773793,1,2
773806,1,2
773823,1,3
773867,3,8
773870,1,1
773884,1,0
773946,1,2
773965,8,17
773966,7,18
773967,1,0
774029,3,7
774043,1,1
774139,2,1
774179,1,1
774205,1,2
774207,1,1
774208,1,1
774226,1,3
774264,1,1
774282,1,1
774283,1,9
774284,1,2
774304,3,11
774305,2,8
774306,4,9
774328,3,6
774371,1,1
774405,1,2
774411,1,7
774432,1,1
774433,1,3
774443,1,3
774446,1,2
774483,1,0
774488,1,1
774510,1,3
774527,1,3
774531,1,1
774540,1,2
774542,1,1
774637,1,2
774657,1,1
774658,1,1
774668,1,2
774670,1,1
774693,2,11
774695,6,36
774720,1,1
774740,1,1
774778,1,1
774832,6,25
774870,1,1
774921,1,2
774937,1,4
774939,1,3
774956,1,0
774957,1,0
774961,3,4
774986,1,0
775015,1,3
775029,1,4
775037,1,1
775084,1,1
775085,1,1
775113,1,1
775117,1,3
775125,1,2
775141,5,12
775239,1,1
775246,1,1
775270,2,1
775283,1,0
775319,1,1
775346,1,3
775347,2,6
775401,1,1
775415,1,1
775493,1,0
775497,7,14
775502,1,0
775507,1,2
775577,1,5
775578,1,3
775621,1,0
775646,12,38
775678,1,1
775742,1,1
775803,1,1
775834,3,7
775835,1,3
775842,1,3
775844,2,5
775882,1,1
775890,1,0
775924,2,4
775926,3,6
775960,1,1
776026,1,1
776097,1,7
776111,1,1
776113,1,1
776120,2,2
776122,5,11
776125,1,2
776150,1,5
776198,1,3
776232,1,0
776239,1,3
776256,1,1
776257,1,1
776310,3,5
776487,1,1
776490,5,9
776518,1,1
776536,3,3
776611,2,11
776629,4,9
776632,6,24
776633,1,2
776634,2,2
776680,2,10
776758,1,4
776792,1,4
776814,1,4
776854,3,12
776859,1,3
776896,7,16
776902,1,1
776904,1,0
776925,1,1
776945,1,1
776987,1,1
776992,7,13
777040,1,0
777072,1,1
777093,1,1
777141,1,1
777146,3,7
777147,2,4
777174,1,3
777179,3,7
777180,2,5
777217,1,3
777234,1,5
777236,1,1
777300,1,1
777304,1,3
777318,1,5
777324,1,2
777332,1,7
777333,1,1
777386,1,2
777395,1,1
777425,3,2
777440,1,2
777518,1,0
777542,2,5
777543,3,5
777545,2,1
777547,1,0
777566,1,1
777578,1,4
777580,1,3
777581,1,1
777593,2,14
777632,1,0
777648,1,0
777662,1,2
777910,1,1
777941,1,0
777986,1,1
778136,1,1
778193,1,2
778203,1,1
778215,1,2
778275,1,2
778402,1,2
778535,1,4
778931,1,1
778934,1,1
779046,1,0
779228,1,1
779502,1,0
779512,1,2
779653,1,2
779668,1,0
779778,1,2
779806,1,2
779815,1,2
779925,1,1
780078,1,2
780391,1,2
780448,1,1
780624,1,1
780682,1,2
780705,1,3
780711,1,0
780895,1,0
780945,1,1
780954,1,1
781029,1,2
781180,1,3
781252,1,2
781254,1,1
781255,1,1
781259,3,15
781260,1,2
781261,1,3
781278,1,2
781305,1,1
781326,1,1
781407,1,1
781539,1,1
781692,1,2
781755,1,1
781935,1,2
782121,1,1
782360,1,1
782466,1,3
782548,1,4
783051,1,1
783089,1,2
783523,1,0
783643,1,0
783778,1,0
783802,1,1
783844,1,1
783875,1,2
784065,1,1
784206,1,1
784266,1,1
784296,1,1
784623,1,1
784758,1,1
784833,1,1
784986,1,1
784994,1,1
785269,1,2
785504,1,3
785529,1,1
785565,1,2
785611,1,1
785672,1,0
785681,1,1
786193,1,1
786205,1,3
786281,1,1
786286,1,2
786327,1,1
786351,1,0
786378,2,2
786379,1,14
786383,1,2
786410,2,6
786417,1,2
786427,1,4
786459,1,1
786468,1,2
786486,1,1
786495,1,2
786529,1,4
786533,1,3
786632,1,1
786643,1,1
786734,1,1
786776,1,1
786930,1,0
787032,1,1
787089,1,1
787109,1,1
787193,1,1
787293,1,1
787658,1,3
787660,1,0
787835,1,1
787866,1,2
787915,1,1
788136,1,1
788147,1,0
788172,1,2
788268,2,3
788332,8,22
788335,1,1
788346,2,4
788349,3,7
788352,2,7
788420,1,1
788426,2,4
788434,2,7
788445,2,6
788456,2,6
788483,1,0
788488,2,3
788588,1,1
788589,1,2
788656,1,2
788658,4,7
788664,1,1
788685,3,13
788698,1,3
788699,2,6
788700,1,2
788703,2,2
788706,4,9
788716,3,6
788717,1,1
788721,1,2
788731,2,4
788735,2,6
788737,1,1
788764,2,3
788793,1,0
788922,1,0
788923,1,2
789004,2,1
789014,1,1
789015,3,5
789041,1,1
789049,1,1
789099,1,0
789106,3,5
789124,1,3
789158,3,13
789175,1,1
789219,1,2
789222,2,7
789223,1,4
789225,1,5
789241,2,2
789251,1,1
789266,1,2
789268,3,17
789303,1,3
789305,2,2
789340,1,3
789342,1,4
789355,1,1
789374,2,7
789375,1,3
789423,2,5
789429,1,1
789496,2,6
789498,1,4
789499,1,2
789521,2,2
789522,1,1
789529,1,4
789579,1,1
789593,1,2
789601,1,1
789614,1,1
789620,1,1
789638,1,1
789688,2,5
789715,2,7
789738,1,0
789740,1,2
789759,1,2
789807,1,2
789829,3,7
789872,1,1
789888,3,5
789890,2,3
789891,2,4
789896,1,1
789900,1,1
789922,1,4
789923,1,1
789930,1,0
789935,1,1
789965,3,9
789970,1,3
789971,1,1
789974,1,1
789988,1,1
789995,1,1
790011,1,2
790036,1,1
790109,1,1
790150,4,11
790161,2,3
790162,1,5
790223,1,0
790226,1,0
790264,1,1
790272,1,1
790300,1,1
790315,1,3
790316,2,3
790352,2,2
790377,3,4
790379,1,3
790382,1,2
790412,4,7
790413,1,2
790422,1,3
790424,1,1
790426,1,2
790464,1,1
790478,2,3
790522,1,1
790583,1,1
790601,2,3
790629,1,1
790639,1,2
790693,1,5
790702,1,3
790711,1,3
790768,1,4
790786,3,5
790787,1,1
790819,1,1
790831,1,2
790851,1,1
790852,1,1
790862,1,4
790868,2,4
790880,6,5
790884,1,1
790891,1,1
790913,1,2
790935,1,1
790946,1,0
790958,1,2
790965,1,1
790995,1,1
791014,1,1
791026,1,3
791091,1,0
791152,1,1
791165,1,3
791197,1,3
791413,1,0
791564,1,3
791762,1,2
791823,1,0
792029,1,1
792030,1,0
792031,2,3
792039,4,6
792312,1,1
792404,1,1
792502,1,2
792778,1,1
792815,1,1
792818,1,1
792837,1,0
792861,1,1
793078,1,2
793363,1,1
793373,1,1
793407,1,1
793482,1,0
793504,1,1
793736,1,0
793985,1,1
794106,1,1
794218,1,3
794222,1,3
794366,1,1
794369,1,1
794521,2,0
794576,1,1
794606,1,1
794725,1,1
794824,1,3
795042,1,3
795175,1,1
795178,1,0
795186,1,0
795344,1,1
795698,1,1
1774520,11,23
1775165,1,13
1775166,1,13
1775334,2,2
1778249,1,1
1783935,3,8
1783936,6,11
1785707,1,1
2257587,1,1
2257723,1,2
2257999,1,0
2258045,1,1
2258484,1,1
2258675,1,2
2258754,1,0
2259167,1,1
2259291,1,1
2259382,1,1
2259619,1,2
2259629,1,1
2260283,1,1
2260384,1,2
2260613,1,1
2260746,1,1
2260774,1,2
2261068,1,1
2261259,1,1
2261282,1,1
2261404,1,1
2261524,1,1
2261580,1,3
2262014,1,3
2262217,1,2
2262347,1,1
2262507,1,1
2262652,1,2
2262714,1,2
2263052,1,1
2263122,1,2
2263210,1,2
2263954,1,1
2263967,1,1
2264018,1,0
2264531,1,1
2264642,1,1
2265128,1,2
2265383,1,1
2265626,1,3
2265633,1,1
2265642,1,1
2265978,1,3
2266014,1,2
2266433,1,1
2266659,1,1
2266673,1,3
2267448,1,2
2267468,1,1
2267485,1,2
2267490,1,1
2267632,1,0
2267648,1,1
2267676,1,2
2267862,1,1
2268067,1,1
2268109,1,1
2268261,1,2
2268857,1,1
2268868,1,3
2268886,1,3
2269131,1,1
2269231,1,3
2269601,1,1
2269730,1,1
2270003,1,1
2270078,1,1
2270202,1,1
2270287,1,1
2270335,1,0
2270568,1,2
2270764,1,0
2270799,1,1
2270801,1,1
2270930,1,2
2271052,1,2
2271073,1,1
2271190,1,2
2271216,1,1
2271276,1,2
2271888,1,1
2271949,1,2
2272065,1,3
2272892,1,1
2273131,1,2
2273268,1,2
2273650,1,1
2273711,1,2
2273968,1,1
2274077,1,2
2274151,1,3
2274501,1,1
2274507,1,0
2274943,1,1
2275186,1,1
2275379,1,4
2275520,1,1
2275925,1,1
2276070,1,0
2276562,1,0
2276912,1,1
2276948,1,1
2277013,1,1
2277329,1,1
2277343,1,2
2277368,1,1
2277595,1,1
2278054,1,1
2278134,1,2
2278164,1,1
2278215,1,2
2278218,1,2
2278358,1,2
2278378,1,1
2278647,1,2
2278842,1,2
2279007,1,4
2279008,1,1
2279064,1,1
2279182,1,0
2279508,1,0
2279541,1,1
2279707,1,2
2279835,1,1
2279836,1,1
2279879,1,1
2280085,1,2
2280307,1,2
2280555,1,2
2280709,1,1
2281180,1,2
2281593,1,2
2281720,1,2
2281909,1,1
2282166,1,1
2282428,1,1
2282458,1,2
2282820,1,1
2282878,1,2
2282986,1,2
2283168,1,1
2283487,1,2
2283676,1,2
2283865,1,3
2284019,1,0
2284054,1,3
2284123,1,0
2284300,1,1
2284340,1,5
2284356,1,2
2284453,1,1
2284484,1,1
2284565,1,1
2284713,1,2
2284747,1,2
2284751,1,1
2284790,1,2
2284897,1,2
2285016,1,1
2285091,2,2
2285124,1,4
2285370,1,1
2285402,1,2
2285512,1,1
2285945,1,1
2286643,1,2
2286647,1,1
2287248,1,1
2287502,2,3
2287694,1,1
2287710,1,3
2287811,2,0
2288213,1,2
2288622,1,1
2288711,1,1
2288731,1,1
2288735,1,1
2289073,1,1
2289142,1,2
2289335,1,1
2289343,1,0
2289415,1,1
2289728,1,2
2289915,1,2
2290130,1,0
2290302,1,3
2290327,1,4
2290663,1,2
2290921,1,1
2290958,1,2
2291121,2,6
2292198,1,1
2292474,1,1
2292695,1,1
2292711,1,1
2292935,1,1
2292993,1,2
2293055,1,1
2293072,1,3
2293533,1,1
2293566,1,1
2293568,1,2
2293956,1,3
2294250,1,1
2294287,1,2
2294357,1,0
2294440,1,1
2294489,1,2
2294600,1,3
2294935,1,1
2295025,1,1
2295088,1,2
2295385,1,1
2295805,1,1
2295877,1,2
2295991,1,1
2296675,1,1
2297043,1,5
2297301,1,1
2297765,1,3
2297837,1,1
2298339,1,2
2299018,1,1
2299104,1,2
2299150,1,1
2299363,1,2
2299726,1,2
2300025,1,2
2300061,1,1
2300186,1,2
2300292,1,1
2300326,1,2
2301308,1,1
2301406,1,0
2301557,1,1
2301637,1,1
2301747,1,1
2301853,1,0
2301948,1,1
2302027,1,3
2302084,1,2
2302192,1,4
2302388,1,1
2302408,1,1
2302580,1,1
2302679,1,3
2302830,1,1
2302949,1,3
2303002,1,2
2303154,1,2
2303200,1,1
2303409,1,1
2303426,1,1
2303639,1,1
2303683,1,3
2303712,1,1
2303842,1,2
2303905,1,0
2304091,1,2
2304254,1,2
2304334,1,2
2304516,1,1
2304519,1,1
2305052,1,2
2305307,1,1
2305312,1,1
2305706,1,1
2305795,1,2
2305808,1,2
2305826,1,1
2305995,1,1
2305997,1,1
2306227,1,1
2306545,1,2
2306885,1,3
2307006,1,1
2307187,1,2
2307649,1,2
2307748,1,4
2308127,1,1
2308205,1,0
2308368,1,1
2308647,1,2
2308864,1,1
2308910,1,1
2309014,1,2
2309030,1,0
2309034,1,3
2309090,1,1
2309470,1,1
2309832,1,0
2309940,1,2
2310040,1,5
2310151,1,2
2310993,1,1
2311612,1,2
2311656,1,1
2311660,1,1
2311689,1,1
2311741,1,2
2312075,1,1
2312180,1,1
2312184,1,1
2312293,1,2
2312366,1,3
2312486,1,1
2312522,1,2
2313236,1,1
2313346,1,1
2313359,1,3
2313401,1,1
2313504,1,1
2313671,1,0
2313951,1,1
2314094,1,2
2314172,1,1
2314328,1,0
2314374,1,1
2314392,1,1
2314541,1,1
2314650,1,2
2315011,1,2
2315013,1,2
2315124,1,3
2315180,1,1
2315446,1,2
2315493,1,2
2315497,1,1
2315502,1,2
2315515,1,1
2315519,1,1
2315563,1,1
2316022,1,2
2316032,1,1
2316035,1,2
2316242,1,1
2316584,1,1
2316589,1,1
2316704,1,3
2316781,1,1
2316897,1,0
2316900,1,2
2316990,1,1
2317429,1,2
2317498,1,1
2317718,1,3
2317944,1,1
2317996,1,1
2318079,1,1
2318341,1,2
2318350,1,1
2318352,1,1
2318454,1,0
2318542,1,1
2318651,1,2
2318791,1,1
2318839,1,2
2318845,1,0
2318908,1,2
2319039,1,2
2319501,1,2
2319524,1,2
2319711,1,1
2320116,1,1
2320285,1,1
2320533,1,0
2320571,1,1
2320880,1,2
2321449,1,1
2321934,1,1
2321945,1,0
2321961,1,1
2322321,1,2
2322555,1,1
2322626,1,1
2322721,1,1
2322783,1,1
2323441,1,1
2323675,1,2
2323843,1,1
2323879,1,1
2324066,1,0
2324130,1,7
2324280,1,1
2324315,1,2
2324328,1,1
2324355,1,3
2324371,1,0
2324382,1,1
2324419,1,1
2324660,1,1
2324663,1,3
2324685,1,2
2325006,1,2
2325087,1,1
2325249,1,2
2325282,1,1
2325865,1,1
2325897,1,1
2325898,1,1
2326093,2,4
2326488,1,1
2326503,1,2
2326589,1,0
2326613,1,0
2326655,1,0
2326675,1,0
2326721,2,9
2326769,1,0
2326771,1,0
2326774,1,0
2327039,1,4
2327061,1,1
2327215,1,2
2327217,1,2
2327227,1,1
2327230,1,1
2327326,1,1
2327428,1,2
2327429,1,1
2328473,1,3
2328680,1,0
2328895,1,1
2329211,1,1
2329531,1,3
2329607,1,3
2329792,1,2
2330017,1,1
2330020,1,1
2330339,1,3
2330348,1,2
2330413,1,1
2330426,1,2
2331271,1,0
2331383,1,0
2332225,1,3
2332298,1,3
2332389,1,1
2332393,1,1
2332477,2,2
2332596,1,1
2332731,1,3
2332753,1,1
2332873,2,1
2332987,1,1
2333157,1,2
2333913,1,1
2334115,1,1
2334237,1,3
2334238,1,3
2334247,1,3
2334249,1,3
2334717,1,3
2335188,1,1
2335234,1,1
2335351,1,1
2335428,1,2
2335837,1,1
2336097,1,2
2336170,1,1
2336287,1,2
2336375,1,1
2336517,1,1
2336571,1,1
2336864,1,3
2336877,1,1
2337306,1,2
2337324,1,1
2337341,1,1
2337416,1,2
2337522,1,0
2337523,1,2
2337716,1,1
2337808,1,3
2337811,1,0
2337882,1,1
2337999,1,1
2338006,1,1
2338173,1,1
2338184,2,3
2338223,1,1
2338330,1,1
2338474,1,1
2338696,1,3
2338717,1,0
2338954,1,1
2339114,1,1
2339435,1,1
2339514,1,0
2339722,1,3
2340263,1,1
2340321,1,1
2340623,1,2
2341255,1,3
2341378,2,4
2341772,1,0
2341966,1,1
2342918,1,1
2343040,1,2
2343141,1,1
2343328,1,1
2343417,1,2
2343491,1,3
2343505,1,1
2343575,1,2
2343777,1,2
2343780,1,1
2343870,1,1
2343967,1,3
2343990,1,1
2344378,1,2
2344419,1,1
2344477,1,1
2344505,1,2
2345093,1,1
2345345,1,1
2345515,1,0
2345536,1,3
2345617,1,0
2345702,1,1
2345745,1,1
2346093,1,1
2346177,1,1
2346377,1,2
2346699,1,1
2346797,1,1
2346835,1,1
2346871,1,3
2347308,2,1
2347452,1,1
2347463,1,1
2347559,1,1
2347646,1,1
2348742,1,2
2348855,1,1
2348922,1,2
2349083,6,34
2349086,1,1
2349087,1,1
2349365,1,1
2349454,1,2
2349509,1,0
2349998,1,1
2350330,1,1
2350480,1,5
2350756,1,3
2350774,1,1
2351060,3,25
2351708,1,8
2352105,1,2
2352347,1,2
2352676,1,2
2352822,1,4
2353136,1,1
2353271,1,3
2353679,1,1
2353821,1,1
2353848,1,3
2353902,1,1
2354222,1,1
2354229,1,1
2354295,1,1
2354310,1,2
2354362,1,1
2354403,1,0
2354905,1,1
2354909,1,1
2355197,1,1
2355536,1,1
2355544,1,1
2355639,1,2
2355856,1,2
2355864,1,2
2356199,1,3
2356299,1,1
2356470,1,1
2356480,1,2
2356672,1,1
2356850,1,2
2356851,1,3
2356979,1,0
2357328,3,3
2357506,1,1
2357661,1,1
2358000,1,1
2358282,1,2
2358413,1,2
2358428,1,1
2358429,1,2
2358552,1,2
2358730,1,2
2358779,1,2
2358803,1,0
2358809,1,1
2358822,1,2
2358962,1,2
2358973,1,1
2358981,1,0
2359108,1,1
2359135,1,2
2359422,1,2
2359532,1,0
2359740,1,2
2360238,1,3
2360310,1,1
2360665,1,1
2360788,1,1
2360890,1,2
2361015,1,1
2361047,1,1
2361172,1,1
2361814,1,1
2362130,1,3
2362168,1,1
2362395,1,1
2362970,1,2
2363052,1,1
2363143,1,2
2363240,1,1
2363423,1,1
2363427,1,0
2363545,1,1
2363629,1,2
2363987,1,1
2364528,1,1
2364659,1,1
2364661,1,1
2364664,1,1
2364841,1,1
2365192,1,0
2365938,1,2
2365949,1,1
2365968,1,0
2366386,1,1
2366471,1,1
2366598,1,2
2366599,1,2
2366749,1,1
2366917,1,1
2366934,1,0
2366950,1,3
2366955,1,1
2366970,1,1
2367040,1,1
2367263,1,2
2367344,1,0
2367478,1,2
2367512,1,3
2367721,1,1
2367726,1,1
2367796,1,2
2367895,1,0
2367906,1,0
2367913,1,0
2368038,2,0
2368141,1,1
2368437,2,0
2368447,1,2
2368511,1,1
2368521,2,0
2368625,1,1
2368785,1,0
2368850,1,1
2368903,1,2
2368911,1,0
2369214,1,0
2369276,1,1
2369329,1,2
2369372,1,1
2369407,1,3
2369875,1,0
2369881,1,1
2370338,1,1
2370445,3,7
2370498,1,2
2370657,1,2
2370769,1,1
2370793,1,6
2371005,1,3
2372993,1,1
2373403,1,0
2373789,1,1
2374125,1,1
2374199,1,1
2374461,1,1
2375239,1,0
2375363,1,1
2375556,1,1
2375660,1,2
2375745,1,2
2376239,1,1
2376315,1,3
2376406,1,1
2376410,1,1
2376464,1,4
2376508,1,1
2376733,1,2
2376762,1,1
2376915,1,2
2377119,1,1
2377356,1,1
2377584,1,2
2377718,1,1
2377783,1,2
2377982,1,1
2378120,1,3
2378303,1,1
2378331,1,2
2378400,1,1
2378498,1,2
2378619,1,1
2378841,1,3
2378922,1,1
2378953,1,2
2379198,1,1
2379200,1,1
2379233,1,1
2379234,1,1
2379393,2,3
2379395,1,1
2379440,1,1
2379579,1,1
2380162,1,1
2380210,1,1
2380213,1,2
2380265,1,1
2380349,1,1
2380692,1,2
2381229,1,2
2381272,1,1
2381519,1,2
2381689,1,1
2381793,1,1
2381885,1,1
2381946,1,2
2381961,2,2
2382319,1,1
2382376,1,3
2382953,1,0
2383078,1,3
2383086,1,3
2383100,1,2
2383279,1,2
2383353,1,1
2383442,1,1
2384113,1,2
2385096,1,4
2385234,1,1
2385332,1,1
2385388,1,1
2385602,1,1
2386008,1,3
2386081,1,1
2386615,1,1
2387008,1,0
2387009,1,1
2387156,1,1
2387401,1,1
2387698,1,1
2387987,1,4
2388028,1,3
2388031,1,2
2388075,1,2
2388091,1,2
2388252,1,1
2388344,1,2
2388515,1,3
2388518,1,2
2388529,1,1
2388610,1,3
2388694,1,1
2388741,1,1
2388743,1,1
2388892,1,1
2389000,1,1
2389211,1,1
2389213,1,1
2389215,1,1
2389221,1,0
2389227,1,0
2389264,1,1
2389332,1,1
2389520,1,2
2389798,1,1
2389830,1,3
2389852,1,0
2390209,1,1
2390279,1,2
2390342,1,1
2390345,1,2
2390350,1,2
2390599,1,4
2390630,1,2
2390632,1,1
2390694,1,1
2390727,1,1
2390894,2,2
2390950,1,2
2391038,1,2
2391223,1,1
2391537,1,2
2391758,1,1
2391762,1,2
2391963,1,1
2392054,1,1
2392067,1,2
2392237,1,1
2392248,1,1
2392307,1,2
2392464,1,1
2392472,1,1
2392475,1,1
2392548,1,1
2392578,1,1
2392685,1,2
2392708,1,1
2392716,1,1
2392777,1,1
2392802,1,1
2392828,1,1
2392870,1,2
2393027,1,3
2393182,1,1
2393203,2,3
2393281,1,2
2393349,1,3
2394046,1,1
2394261,1,2
2394513,1,1
2394880,1,2
2395004,1,2
2395255,1,2
2395300,1,1
2395302,1,1
2396062,1,2
2396262,1,1
2396561,1,1
2396652,1,1
2396668,1,1
2396771,2,2
2397112,1,1
2397114,1,1
2397158,1,0
2397262,1,5
2397271,1,5
2397323,1,2
2397603,1,1
2398090,1,4
2398322,1,1
2398598,1,2
2398782,1,1
2398817,1,3
2399005,1,2
2399162,1,2
2399228,1,1
2399616,1,2
2399795,1,1
2400225,1,2
2400230,1,1
2400402,1,3
2400713,1,1
2400859,1,1
2400912,1,1
2401155,1,1
2889777,1,1
2890198,1,2
2893977,1,1
2904448,1,1
2907693,1,2
2918939,1,0
2925243,1,2
2925387,1,1
2925972,1,1
2934856,1,2
2935439,1,1
2935676,1,1
2935792,1,1
2945184,1,3
2945202,1,2
2952340,1,1
2960803,1,1
2962825,1,4
2962838,1,1
2967587,1,2
3202163,1,1
3202728,1,3
3202765,1,0
3202918,1,1
3203044,1,1
3203820,1,2
3247023,2,7
3379553,1,2
3379559,1,1
3379621,1,2
3380468,1,2
3380516,1,1
3380657,1,1
3380680,2,6
3380872,1,2
3380876,1,1
3380920,5,5
3380993,8,34
3381349,1,4
3381524,1,4
3381668,1,1
3382259,1,1
3382270,1,2
3382272,1,1
3382398,1,1
3382413,1,4
3382536,4,8
3383505,1,1
3383658,1,2
3383768,1,1
3383769,1,2
3383881,1,1
3383953,1,1
3384011,3,7
3384012,1,3
3384785,1,1
3384936,1,0
3385030,1,2
3385053,1,2
3385203,1,5
3385228,1,6
3385305,1,1
3385391,1,1
3385561,1,2
3386267,1,2
3386272,1,2
3386289,1,2
3386562,1,0
3386975,1,2
3386976,1,2
3387084,1,1
3387090,1,1
3387569,1,1
3387928,1,4
3388089,1,2
3388450,4,10
3388480,1,1
3388744,1,1
3389027,1,0
3389065,1,1
3389494,1,0
3389567,1,2
3389613,1,1
3389833,1,0
3390016,2,3
3390110,1,2
3390265,8,38
3390928,1,1
3391471,1,2
3391969,2,5
3392055,1,1
3392129,1,1
3392175,1,3
3392176,1,1
3392297,1,1
3392320,1,2
3392475,1,2
3392814,1,1
3393014,7,40
3393075,1,0
3393131,1,6
3393521,1,0
3393593,1,2
3393996,1,1
3394188,1,0
3394269,1,2
3394323,1,2
3394627,1,1
3394862,1,4
3395024,1,1
3395407,2,4
3395532,1,2
3395575,1,1
3395593,1,4
3395626,1,1
3395693,1,0
3395696,1,4
3395704,1,0
3395719,1,4
3395729,1,1
3395793,1,2
3395794,1,2
3395799,1,0
3395940,1,3
3396079,1,1
3396303,1,1
3396420,1,1
3396872,1,0
3397159,1,2
3397300,1,1
3397366,1,1
3397435,2,10
3397455,1,1
3397499,2,2
3398051,1,1
3398123,1,1
3398130,1,1
3398136,1,0
3398197,1,0
3398446,1,0
3398916,1,1
3399052,1,1
3399294,1,1
3399551,1,2
3399830,2,2
3399918,1,2
3400190,2,3
3400274,2,11
3400817,1,1
3400857,1,1
3400878,1,1
3401111,1,2
3401366,1,4
3401484,1,1
3401570,1,3
3401980,1,1
3402014,1,1
3402020,1,1
3402053,1,0
3402120,1,2
3402186,1,1
3402430,1,7
3402571,1,8
3402741,2,3
3402914,1,0
3402966,1,1
3403032,1,1
3403116,1,2
3403218,1,0
3403375,1,3
3403600,1,3
3403793,3,7
3403892,1,0
3403914,2,6
3404006,1,1
3404007,1,1
3404123,1,1
3404250,1,4
3404523,1,0
3404676,1,0
3404705,1,1
3404813,1,1
3404904,1,1
3404972,1,2
3405571,1,2
3405641,2,1
3406344,1,1
3406854,1,3
3406945,1,1
3407004,1,2
3407053,1,1
3407510,2,1
3407702,1,2
3407708,4,7
3407730,2,3
3407770,1,0
3407773,1,1
3407776,1,8
3407821,1,1
3408046,3,11
3408189,1,0
3408193,2,0
3408412,1,0
3408684,1,1
3408961,2,0
3409164,1,3
3409228,1,3
3409278,1,0
3409421,1,1
3409459,1,0
3409469,2,2
3409528,1,1
3409545,1,1
3409547,1,1
3409585,1,3
3409586,2,2
3409898,1,2
3409986,1,3
3410000,1,1
3410051,1,1
3410747,1,1
3410908,6,14
3410939,2,3
3410942,4,11
3410967,1,1
3411231,1,0
3411386,1,1
3411400,1,2
3411438,1,1
3411471,1,1
3411656,1,1
3411659,1,1
3411716,1,1
3411890,1,1
3412565,1,1
3412627,1,2
3412832,1,1
3413055,1,2
3413104,1,1
3413214,2,1
3413264,1,1
3413600,1,0
3413601,1,1
3413839,1,1
3414264,1,1
3414283,1,1
3414304,1,2
3414398,1,4
3414428,1,1
3414759,1,2
3414800,1,1
3414826,1,1
3414871,1,1
3414873,1,0
3415384,1,1
3415398,1,1
3415420,1,1
3415479,1,2
3415509,1,1
3415782,1,5
3416171,1,1
3416192,1,2
3416200,1,9
3416312,2,12
3416313,1,1
3416391,1,1
3416466,1,1
3416624,1,3
3416766,1,1
3417369,1,2
3417732,1,0
3417787,1,1
3417969,1,2
3418000,1,2
3418155,1,0
3418162,1,0
3418222,1,2
3418224,1,2
3418253,1,2
3418315,1,2
3418319,1,3
3418320,1,1
3418322,1,3
3418330,1,3
3418349,1,0
3418361,1,1
3418737,1,1
3418745,1,1
3419203,1,1
3419205,1,2
3419241,1,1
3419259,1,2
3419396,1,1
3419462,1,1
3419524,1,1
3419545,1,0
3419616,1,3
3419728,1,0
3419730,1,1
3419743,1,0
3419751,1,2
3419873,1,1
3419959,1,0
3420022,1,1
3420029,1,0
3420034,1,0
3420093,1,1
3420176,1,0
3420200,1,1
3420299,1,1
3420379,1,1
3420598,1,1
3420606,1,1
3420704,1,0
3421061,1,2
3421136,1,0
3421144,1,0
3421361,1,1
3421377,1,2
3421417,1,1
3421517,1,1
3421559,1,1
3421642,8,45
3421748,1,2
3421760,1,1
3421802,1,1
3421804,1,1
3421860,1,1
3421953,1,6
3422118,1,3
3422179,1,1
3422187,1,1
3422225,12,46
3422228,12,46
3422328,1,0
3422351,1,2
3422746,1,0
3422771,1,1
3422813,1,2
3422834,1,1
3422859,1,0
3422878,1,2
3422927,1,1
3422979,1,3
3422993,1,1
3423001,1,1
3423136,1,1
3423185,1,1
3423277,1,2
3423291,1,2
3423298,1,0
3423318,1,0
3423347,1,1
3423603,1,1
3423662,1,1
3423690,1,1
3423696,1,1
3423723,1,0
3423783,1,2
3423785,1,2
3423808,1,1
3424017,1,1
3424093,1,0
3424266,1,3
3424344,1,1
3424416,1,2
3424417,1,2
3424418,1,1
3424573,1,1
3424627,1,1
3424628,1,1
3424689,1,1
3424767,1,3
3425180,1,0
3425258,1,2
3425601,1,0
3425624,1,1
3425665,1,2
3425744,1,1
3425830,1,1
3425857,1,1
3425859,1,1
3425869,1,3
3425926,1,0
3426066,1,1
3426140,1,1
3426164,3,11
3426482,1,0
3426486,1,3
3426489,1,1
3426492,1,2
3426671,1,3
3426730,3,12
3426832,4,0
3426864,1,1
3426933,1,1
3426935,1,0
3427024,1,1
3427294,1,2
3427374,1,3
3427435,1,2
3427489,1,1
3427579,1,2
3427597,1,2
3427722,1,0
3427758,1,1
3427867,1,2
3427897,1,1
3428114,1,1
3428276,1,2
3428484,1,1
3428542,1,0
3428585,1,1
3428855,1,2
3428964,1,1
3429010,1,1
3429061,1,3
3429064,1,1
3429189,1,1
3429208,1,2
3429256,1,2
3429456,6,14
3429473,1,1
3429481,1,1
3429616,1,8
3429618,1,0
3429779,1,1
3430061,2,4
3430316,1,2
3430453,1,0
3430589,1,1
3430594,1,4
3430604,1,0
3430612,1,0
3430617,1,3
3430626,1,1
3430633,1,3
3430755,1,2
3430759,1,1
3431039,1,3
3431338,1,1
3431341,1,3
3431382,1,1
3431430,1,1
3431452,1,1
3431472,1,0
3431510,1,2
3431516,1,2
3431968,1,0
3432066,1,1
3432072,1,0
3432167,1,1
3432221,1,1
3432231,1,2
3432465,1,2
3432549,2,10
3432551,2,10
3432698,1,1
3432793,1,1
3432829,1,3
3432859,1,1
3433148,1,3
3433154,1,3
3433235,1,3
3433345,1,1
3433414,1,1
3433677,1,2
3433820,1,1
3433831,1,2
3433862,1,1
3433869,2,3
3433947,1,2
3434143,1,0
3434148,1,0
3434229,1,1
3434289,1,1
3434291,1,1
3434292,1,1
3434297,2,0
3434316,1,2
3434474,1,2
3434506,1,1
3434744,1,1
3434781,1,3
3434795,1,2
3434822,1,0
3434851,1,1
3434908,1,3
3434981,1,1
3434990,1,3
3435185,1,1
3435324,2,2
3435423,1,0
3435429,1,0
3435437,2,0
3435438,1,0
3435450,1,1
3435488,1,1
3435519,1,2
3435541,1,3
3435558,1,1
3435565,1,2
3435615,1,3
3435634,1,1
3435644,1,0
3435651,1,5
3435724,7,5
3435726,1,2
3435752,1,6
3435779,1,1
3435874,1,0
3435878,1,0
3436005,1,1
3436006,1,1
3436080,1,1
3436116,1,0
3436147,1,0
3436153,1,1
3436161,1,2
3436184,1,1
3436311,1,2
3436428,1,1
3436433,1,1
3436517,1,0
3436551,1,1
3436569,1,1
3436577,1,1
3436655,1,1
3436675,1,6
3436676,1,6
3436818,1,1
3436841,1,1
3436884,1,1
3436912,1,2
3436958,1,1
3436973,1,2
3437060,1,2
3437108,3,3
3437173,1,2
3437257,2,0
3437259,2,0
3437338,1,1
3437359,1,2
3437401,1,1
3437471,1,1
3437486,1,1
3437492,1,0
3437599,1,1
3437601,1,1
3437659,1,6
3437664,1,2
3437759,1,1
3437769,1,1
3508505,1,3
3515677,1,2
3521036,1,3
3522285,1,0
3532698,1,2
3542688,1,2
3549556,1,1
3553413,1,2
3553546,1,2
3564481,1,1
3567154,1,0
3569393,1,2
3571846,1,1
3585673,1,1
3591002,1,1
3599441,1,4
3600715,1,1
3602331,1,1
3602665,1,1
3605351,1,1
3618720,1,1
3626871,1,1
3628195,1,2
3628462,1,1
3629812,1,0
3629824,1,2
3749458,1,1
3749585,1,1
3749607,1,2
3749672,1,1
3749726,1,4
3749930,1,1
3749971,5,5
3750002,1,1
3750075,1,2
3750281,1,4
3750284,3,8
3750294,1,1
3750322,2,4
3750380,1,0
3750654,1,3
3750688,1,1
3750701,1,1
3750723,1,0
3750764,1,2
3750910,1,1
3750921,1,1
3750974,1,1
3751065,1,1
3751082,1,1
3751107,1,0
3751186,1,2
3751235,1,0
3751248,1,0
3751249,1,2
3751348,1,1
3751490,1,0
3752000,1,2
3752073,1,0
3752204,1,1
3752297,1,1
3752418,1,2
3752616,1,2
3752633,1,1
3752907,1,1
3752965,1,2
3753018,1,2
3753051,1,1
3753062,1,2
3753186,1,0
3753216,1,1
3753536,1,1
3753557,1,0
3753562,1,1
3753648,1,2
3753681,1,1
3753685,1,0
3753912,1,1
3753982,1,4
3754073,1,2
3754140,1,2
3754287,1,2
3754408,1,0
3754852,1,1
3754928,1,3
3754971,1,1
3754975,1,1
3755057,1,0
3755118,1,0
3755137,1,1
3755458,1,2
3755469,3,0
3755489,1,1
3755732,1,1
3755757,1,1
3755873,1,2
3755971,1,0
3756078,1,1
3756128,1,3
3756136,1,0
3756200,1,3
3756573,1,1
3756584,1,1
3756687,1,2
3756774,1,0
3756789,1,0
3756852,1,1
3756923,1,2
3756924,1,2
3757643,1,1
3757703,1,1
3757761,1,1
3757838,1,1
3757864,1,1
3757940,1,2
3758081,1,1
3758122,1,2
3758144,1,2
3758149,1,1
3758156,1,2
3758327,1,2
3758439,1,3
3758490,2,0
3758523,1,0
3758607,1,1
3758921,1,2
3759185,1,2
3759195,1,1
3759202,1,1
3759207,1,1
3759209,1,1
3759252,1,1
3759255,1,1
3759365,1,3
3759393,2,1
3759409,1,1
3759572,1,1
3759619,1,1
3759763,1,1
3759829,1,0
3759988,1,1
3760092,1,2
3760175,1,1
3760465,1,7
3760531,1,1
3760662,1,2
3760681,1,0
3760690,1,0
3760696,1,0
3760733,1,2
3760749,1,1
3760827,1,0
3760943,1,1
3760960,1,3
3760964,1,0
3761053,1,1
3761090,2,0
3761169,1,2
3761299,1,4
3761349,1,2
3761666,1,1
3761790,1,1
3761990,1,2
3762055,1,1
3762056,1,1
3762118,1,1
3762160,1,2
3762187,1,2
3762227,1,1
3762366,1,1
3762530,1,0
3762546,1,2
3762686,1,1
3762868,1,1
3763199,1,1
3763435,1,3
3763551,1,1
3763675,1,0
3763703,1,1
3763741,1,0
3763750,1,1
3763754,1,1
3763819,1,2
3763923,1,1
3763944,1,2
3763949,1,1
3764057,1,1
3764096,1,1
3764145,1,0
3764215,2,0
3764304,1,1
3764318,1,1
3764367,1,2
3764394,1,2
3764422,1,1
3764474,1,1
3764497,1,0
3764523,1,1
3764551,1,1
3764625,2,0
3764705,1,2
3764750,1,1
3764754,1,0
3764862,1,0
3765099,1,1
3765141,1,0
3765685,1,0
3765717,1,1
3765723,1,1
3765833,1,0
3765845,1,3
3765951,1,0
3766029,1,1
3766064,1,1
3766152,1,2
3766429,1,1
3766532,1,1
3766613,1,1
3766670,1,4
3766676,1,1
3766724,1,2
3766729,1,2
3766821,1,1
3766858,1,1
3766872,1,2
3767033,1,1
3767083,1,1
3767101,1,1
3767102,1,1
3767113,1,1
3767136,1,1
3767195,1,1
3767260,1,1
3767332,1,3
3767417,1,1
3767813,1,0
3767818,1,2
3768029,1,1
3768081,1,2
3768103,1,1
3768461,1,3
3768535,1,2
3768606,1,3
3768876,1,2
3768988,1,1
3769042,1,1
3769066,1,1
3769067,1,1
3769149,1,2
3769164,1,3
3769236,1,1
3769342,1,3
3769436,1,1
3769438,1,1
3769439,1,1
3769440,1,1
3769441,1,1
3769859,1,1
3769912,1,1
3769994,1,0
3770146,1,1
3770168,1,1
3770343,1,1
3770385,1,0
3770458,1,1
3770459,1,3
3770575,2,3
3770595,1,1
3770596,1,1
3770601,1,1
3770607,1,1
3770622,1,0
3770626,1,1
3770727,1,1
3770745,1,0
3770754,1,1
3770861,1,0
3770993,1,1
3771315,1,1
3771348,1,1
3771508,1,1
3771510,1,1
3771511,1,1
3771516,1,1
3771518,1,1
3771578,1,1
3771668,1,1
3771671,1,2
3771743,1,1
3771749,1,0
3771889,1,2
3772042,1,4
3772165,1,0
3772854,1,2
3773187,1,2
3773191,1,2
3773241,1,3
3773386,1,6
3773398,1,2
3773632,1,3
3773645,1,1
3773664,1,1
3773834,1,0
3773858,1,2
3773866,1,4
3774130,1,2
3774210,1,1
3774244,1,3
3774307,1,1
3774312,1,0
3774395,1,1
3774546,1,1
3774572,1,2
3774652,1,1
3774703,1,1
3774728,1,1
3774747,1,1
3774771,1,2
3774814,1,1
3775058,1,1
3775159,1,1
3775171,1,1
3775252,1,1
3775344,1,1
3775351,1,1
3775370,1,1
3775371,1,1
3775373,1,1
3775501,1,1
3775601,1,1
3775645,1,1
3775679,1,4
3775768,1,3
3775844,1,0
3775855,1,1
3775914,1,1
3776005,1,3
3776096,1,2
3776153,1,1
3776207,1,1
3776348,1,2
3776376,2,0
3776477,1,1
3776541,1,0
3776553,2,4
3776585,1,1
3776600,1,3
3776629,1,1
3776705,1,0
3776709,1,1
3776783,1,1
3776812,1,1
3776863,1,5
3776914,1,0
3776964,1,2
3776997,1,3
3777297,1,2
3777426,1,2
3777437,1,0
3777484,1,1
3777534,1,1
3777591,1,2
3777762,1,1
3778008,1,1
3778065,1,4
3778118,1,1
3778178,1,1
3778229,1,1
3778244,1,1
3778245,1,2
3778249,1,1
3778283,1,1
3778288,1,2
3778338,1,1
3778409,1,2
3778559,1,2
3778719,1,3
3778802,1,2
3778895,1,1
3778934,1,2
3779001,1,2
3779257,1,2
3779282,1,1
3779286,1,1
3779407,1,1
3779478,1,2
3779490,1,1
3779493,1,1
3779559,1,1
3779566,1,1
3779627,1,2
3779629,1,1
3779691,1,2
3779702,1,1
3779754,1,1
3779766,1,0
3779801,2,4
3780091,1,0
3780113,1,1
3780114,1,1
3780135,1,3
3780259,1,1
3780351,1,1
3780409,1,0
3780434,1,4
3780664,1,1
3780833,1,3
3780894,2,0
3781052,1,1
3781129,1,2
3781176,1,2
3781260,1,1
3781286,1,1
3781328,1,1
3781342,1,0
3781392,3,0
3781430,1,2
3781446,1,1
3781580,1,2
3781666,1,3
3781731,1,1
3781923,1,1
3781950,1,0
3781964,1,0
3782032,1,2
3782052,1,1
3782129,1,1
3782151,1,2
3782193,1,1
3782235,1,1
3782306,1,1
3782328,1,2
3782638,1,2
3782704,1,1
3782712,1,1
3782737,1,3
3782750,1,2
3782768,1,1
3782770,1,0
3782800,1,1
3782832,1,1
3782932,1,1
3782996,1,1
3783001,1,0
3783008,1,0
3783176,1,1
3783361,1,0
3783395,1,0
3783396,1,0
3783397,1,1
3783398,1,1
3783601,1,1
3783611,1,2
3783683,1,2
3783724,1,0
3783840,1,0
3783843,1,1
3784046,1,1
3784080,1,0
3784138,1,3
3784156,1,1
3784222,1,3
3784285,1,2
3784423,2,9
3784433,1,2
3784622,3,16
3784910,1,4
3784930,1,3
3785204,1,2
3785328,1,2
3785354,1,1
3785409,1,2
3785453,1,1
3785604,1,3
3785637,1,1
3785718,1,1
3785724,1,0
3785763,1,0
3785781,2,0
3785900,1,1
3785911,1,1
3785928,1,1
3786022,1,1
3786159,1,1
3786240,1,1
3786244,1,2
3786293,1,1
3786315,1,1
3786355,1,1
3786383,1,1
3786423,1,1
3786614,1,1
3786651,1,0
3786654,2,0
3786659,1,2
3786663,1,0
3786681,1,1
3786755,1,6
3787041,1,1
3787065,1,1
3787082,1,2
3787125,1,1
3787219,1,0
3787242,1,1
3787377,1,2
3787409,1,0
3787491,1,0
3787523,1,2
3787526,1,1
3787527,1,0
3787681,1,3
3787871,1,1
3787915,1,1
3788035,1,3
3788055,1,0
3788165,1,2
3788223,1,2
3788457,1,1
3788712,1,0
3788806,1,1
3788873,2,1
3788926,1,2
3789097,1,0
3789283,1,2
3789287,1,4
3789462,1,2
3789508,1,1
3789578,1,1
3789605,1,1
3789868,1,1
3789904,1,1
3789960,1,0
3790058,1,1
3790072,1,1
3790074,1,1
3790080,1,3
3790170,1,1
3790470,1,1
3790528,1,1
3790647,1,1
3790739,1,3
3790742,1,1
3790871,1,3
3791030,1,1
3791070,1,2
3791103,1,0
3791217,1,0
3791390,1,1
3791463,1,1
3791467,1,2
3791509,1,1
3791580,1,0
3791657,1,1
3791785,1,1
3791860,2,0
3791870,1,3
3791890,1,1
3791970,1,3
3792035,1,2
3792066,1,1
3792167,1,1
3792205,1,1
3792216,1,1
3792299,2,4
3792306,1,1
3792357,1,1
3792405,1,1
3792437,1,1
3792644,1,2
3792648,1,2
3792682,1,1
3792688,1,1
3792737,1,1
3792785,1,2
3792897,1,0
3792899,1,1
3793097,1,1
3793210,1,1
3793252,1,1
3793509,1,0
3793554,1,1
3793573,1,4
3793724,1,0
3793785,1,2
3793839,1,2
3793997,1,2
3794205,1,1
3794238,1,0
3794244,1,1
3794316,1,1
3794343,1,1
3794345,1,1
3794346,1,1
3794348,1,1
3794349,1,1
3794536,1,1
3794597,1,3
3794599,1,3
3794600,1,3
3794604,1,3
3794695,1,1
3794710,1,1
3794757,1,2
3794811,2,1
3794857,1,2
3794982,1,0
3795001,1,5
3795097,1,2
3795099,1,1
3795129,1,1
3795154,1,1
3795167,1,1
3795276,1,1
3795303,1,1
3795438,1,1
3795448,1,0
3795483,1,0
3795550,1,0
3795573,1,1
3795647,1,2
3795715,1,2
3795767,1,1
3795838,1,1
3795846,1,1
3795890,1,0
3795905,1,2
3795908,1,1
3796085,1,1
3796181,1,1
3796218,1,1
3796232,1,1
3796323,1,3
3796336,1,1
3796364,1,0
3796455,1,1
3796644,1,4
3796681,1,1
3796725,1,2
3796762,1,2
3796817,1,2
3796844,1,2
3797179,1,1
3797186,1,1
3797374,1,3
3797402,1,0
3797424,2,0
3797511,1,1
3797516,1,1
3797538,1,1
3797547,1,2
3797647,1,1
3797657,1,3
3797686,1,2
3797773,1,3
3797820,1,2
3797834,1,1
3797903,1,1
3797986,1,1
3798200,1,2
3798218,1,1
3798241,1,2
3798370,1,1
3798374,1,1
3798420,1,4
3798439,1,1
3798538,1,3
3798545,1,1
3798690,1,1
3799027,1,1
3799029,2,0
3799265,1,3
3799282,1,1
3799290,1,1
3799294,1,1
3799318,1,2
3799447,1,1
3799451,1,2
3799473,1,0
3799596,1,3
3799706,1,2
3799762,1,2
3799763,1,2
3799766,1,2
3799770,1,2
3800068,1,2
3800074,1,1
3800090,1,2
3800136,1,1
3800163,1,3
3800403,1,2
3800484,1,0
3800599,1,2
3800606,1,2
3800874,1,0
3800876,1,5
3800879,3,28
3800880,1,1
3800902,1,1
3800908,1,0
3800950,1,1
3800964,1,5
3800967,1,1
3801053,1,3
3801095,2,0
3801099,1,0
3801336,1,2
3801431,2,2
3801781,1,2
3802008,1,1
3802017,1,1
3802214,1,3
3802287,1,1
3802300,1,0
3802312,1,2
3802561,1,0
3802631,1,1
3802721,1,0
3802851,1,2
3802906,1,4
3802964,1,1
3803008,1,0
3803098,1,2
3803105,1,1
3803142,1,2
3803266,1,0
3803312,1,1
3803359,1,1
3803393,1,0
3803430,1,3
3803451,1,1
3803481,1,2
3803486,1,2
3803490,1,2
3803495,1,1
3803599,1,1
3803654,1,1
3803711,1,2
3803713,2,3
3803825,1,2
3803901,1,1
3803932,3,25
3803936,6,30
3803937,4,11
3803938,1,10
3804172,1,1
3804186,1,0
3804478,2,0
3804519,1,2
3804520,1,2
3804525,1,2
3804562,1,1
3804611,1,2
3804620,1,1
3804720,1,1
3804728,1,1
3804883,1,1
3805072,1,1
3805098,1,1
3805101,1,0
3805232,1,2
3805233,1,1
3805270,1,1
3805301,1,1
3805346,1,1
3805431,1,1
3805612,1,2
3909122,1,1
3984113,2,8
3985644,1,1
3986089,1,0
3995690,1,3
4366451,1,0
4366462,1,0
4366502,1,0
4366555,1,2
4366558,1,0
4366605,1,4
4366610,1,0
4366833,1,1
4366904,1,1
4366936,1,3
4367015,1,1
4367028,2,4
4367094,1,1
4367147,1,1
4367266,1,1
4367292,1,1
4367378,1,1
4367405,1,2
4367466,1,1
4367468,1,2
4367683,1,1
4367716,2,0
4367767,1,3
4367792,1,3
4368103,1,3
4368111,1,1
4368155,1,1
4368241,1,2
4368656,1,1
4368724,1,0
4368790,1,1
4368854,1,0
4369036,1,1
4369038,1,1
4369047,1,2
4369072,1,3
4369147,1,3
4369261,1,1
4369408,1,0
4369479,1,1
4369503,1,1
4369561,1,1
4369609,1,1
4369670,1,1
4369677,1,1
4369776,1,0
4369905,1,1
4370104,1,1
4370298,1,0
4370314,1,1
4370333,1,0
4370423,1,0
4370484,1,1
4370631,1,4
4370920,1,1
4370935,1,1
4371023,1,3
4371221,2,0
4371244,1,1
4371277,1,0
4371287,1,1
4371313,1,1
4371334,1,1
4371478,1,2
4371488,1,3
4371494,1,1
4371515,1,2
4371561,1,2
4371562,1,0
4371580,1,1
4371645,1,4
4371790,1,0
4371890,1,2
4372062,1,2
4372140,1,2
4372179,1,0
4372188,1,0
4372263,1,2
4372391,1,1
4372396,1,5
4372408,1,0
4372618,1,1
4372709,1,2
4372752,2,0
4372939,1,1
4372961,1,1
4372977,1,1
4372979,1,0
4373272,1,1
4373395,1,1
4373456,1,1
4373600,1,2
4373604,1,3
4373627,1,0
4373668,1,3
4373710,1,1
4373718,1,1
4373788,1,1
4373794,1,3
4373853,1,1
4374024,1,0
4374128,1,0
4374129,1,1
4374247,1,4
4374339,1,1
4374478,1,4
4374503,3,0
4374643,1,0
4374661,1,1
4374672,1,0
4374701,1,2
4374859,1,2
4374937,1,0
4375038,1,2
4375197,1,2
4375250,1,2
4375263,1,1
4375402,1,2
4375456,1,1
4375536,1,3
4375597,1,1
4375662,1,2
4375697,1,1
4375794,1,2
4375833,1,1
4375853,1,0
4375875,1,1
4375982,1,1
4376112,1,2
4376220,1,3
4376224,1,1
4376231,1,1
4376285,1,1
4376289,1,1
4376290,1,1
4376311,1,0
4376327,1,1
4376340,1,0
4376352,1,4
4376412,1,4
4376516,1,3
4376553,1,1
4376682,1,1
4376694,1,3
4376865,1,2
4376921,1,1
4377152,1,1
4377345,1,1
4377350,1,1
4377426,1,1
4377574,1,1
4377730,1,1
4378125,1,2
4378244,1,0
4378277,1,2
4378307,1,2
4378349,1,1
4378489,1,1
4378523,1,1
4378556,1,3
4378773,1,2
4378777,1,2
4378847,1,1
4378859,1,0
4378970,1,3
4379176,1,1
4379192,1,1
4379213,1,0
4379222,1,3
4379230,1,1
4379335,1,1
4379412,1,1
4379473,1,1
4379478,1,1
4379486,1,2
4379548,1,1
4379620,1,1
4379630,1,5
4379737,1,2
4379773,1,2
4379791,1,1
4379809,1,1
4379838,1,0
4379921,2,2
4379949,1,1
4380122,1,3
4380223,1,0
4380277,1,1
4380283,1,1
4380285,1,2
4380307,1,1
4380312,1,2
4380323,1,2
4380341,1,2
4380448,1,1
4380468,1,1
4380766,2,0
4380776,1,1
4380814,1,1
4380910,1,0
4380952,1,2
4380978,1,1
4380994,1,2
4381113,1,1
4381205,1,1
4381322,1,2
4381324,1,2
4381435,1,2
4381445,1,2
4381453,1,3
4381475,1,2
4381476,1,0
4381477,1,0
4381765,1,1
4381834,1,2
4381947,1,1
4382061,1,1
4382066,1,1
4382137,1,3
4382195,1,1
4382405,1,0
4382434,1,1
4382753,1,0
4383064,1,2
4383082,1,3
4383574,1,1
4383603,1,1
4383627,1,1
4383730,1,1
4383813,1,3
4383858,1,1
4383904,1,1
4383939,1,1
4384017,1,0
4384040,1,0
4384062,1,0
4384074,1,1
4384079,1,1
4384099,1,0
4384105,1,0
4384110,1,1
4384309,2,1
4384433,1,1
4384475,1,1
4384542,1,3
4384627,1,1
4384648,1,1
4384722,1,0
4384737,1,2
4384759,1,1
4384763,2,0
4384765,1,2
4385286,1,2
4385293,1,2
4385295,1,2
4385309,1,0
4385321,1,1
4385446,1,0
4385457,1,2
4385629,1,1
4385686,1,1
4385692,2,2
4385796,1,0
4385835,1,1
4385881,1,1
4386002,1,1
4386069,1,1
4386097,1,2
4386155,1,1
4386211,1,1
4386267,1,0
4386276,1,2
4386705,1,1
4386860,1,3
4386956,1,1
4387070,1,2
4387126,1,2
4387177,1,1
4387321,1,3
4387401,1,3
4387454,1,2
4387456,1,1
4387540,1,1
4387680,1,1
4387707,1,0
4387710,1,1
4387906,1,2
4387920,1,1
4387949,1,1
4388007,1,2
4388116,1,2
4388195,1,1
4388260,1,1
4388332,1,1
4388373,1,1
4388469,2,1
4388679,1,1
4388734,1,1
4388886,1,1
4388901,1,4
4389143,1,2
4389177,1,1
4389189,1,1
4389261,1,3
4389275,1,1
4389286,1,0
4389323,1,2
4389386,1,3
4389431,1,2
4389452,1,1
4389551,1,2
4389601,1,1
4389655,1,0
4389744,1,1
4389859,1,0
4389944,6,38
4390012,1,1
4390225,1,0
4390238,1,2
4390262,1,1
4390320,1,2
4390323,1,2
4390354,1,1
4390608,1,4
4390629,1,1
4390677,1,4
4390815,1,1
4390961,1,2
4390991,1,1
4391200,1,0
4391374,1,1
4391503,1,1
4391946,1,1
4391981,1,2
4392042,1,1
4392117,1,0
4392162,1,0
4392308,1,0
4392481,1,0
4392542,1,1
4392556,1,2
4392638,1,1
4392731,1,0
4392760,1,1
4393486,1,1
4393655,1,3
4393748,1,0
4393828,1,1
4393988,1,1
4394088,1,1
4394189,1,0
4394240,1,1
4394306,1,2
4394369,1,0
4394451,1,1
4394597,1,1
4394699,1,2
4394722,1,1
4394803,1,3
4394844,1,1
4394900,1,3
4395183,1,1
4395241,1,1
4395359,1,1
4395455,1,1
4395475,1,0
4395497,1,1
4395598,1,1
4395720,1,1
4395732,1,1
4395751,1,3
4395764,1,0
4395778,1,1
4395789,1,3
4395814,1,1
4395862,1,1
4396000,1,2
4396050,1,1
4396512,1,1
4396535,1,2
4396536,1,1
4396551,1,1
4396666,1,2
4396731,1,1
4396747,1,2
4396783,1,1
4396803,1,2
4396804,1,1
4397147,2,0
4397172,1,3
4397259,1,1
4397264,1,1
4397405,1,1
4397464,1,0
4397551,1,1
4397730,2,2
4397732,1,2
4397739,1,2
4397800,1,1
4397806,1,0
4398000,1,0
4398005,1,0
4398058,1,1
4398078,1,2
4398122,1,2
4398303,1,2
4398339,1,1
4398349,1,0
4398527,1,1
4398544,1,0
4398558,1,2
4398593,1,1
4398697,2,3
4398727,1,3
4398747,1,2
4398890,1,4
4398901,1,1
4398906,1,1
4398944,1,3
4398962,1,3
4399175,1,2
4399217,1,2
4399351,1,0
4399376,1,1
4399402,1,0
4399495,1,2
4399676,1,0
4399723,1,1
4399788,1,1
4399789,1,2
4399914,1,1
4399941,1,0
4399960,1,1
4400041,1,2
4400071,1,1
4400082,1,2
4400237,1,1
4400246,1,2
4400290,1,0
4400331,1,1
4400372,1,2
4400380,1,1
4400420,1,2
4400528,1,1
4400588,1,1
4400647,1,0
4400840,1,2
4400911,1,1
4400915,1,1
4400985,1,2
4401012,1,4
4401158,1,1
4401189,1,2
4401555,1,3
4401652,1,1
4401661,1,1
4401761,1,2
4401778,1,1
4401817,1,2
4401964,1,1
4402024,1,4
4402051,1,1
4402138,1,2
4402209,1,1
4402220,1,2
4402272,1,1
4402276,1,1
4402283,1,1
4402319,1,1
4402363,1,1
4402367,1,0
4402371,2,1
4402445,1,2
4402471,1,2
4402566,1,3
4402620,1,1
4402625,1,3
4402712,1,3
4402754,1,3
4402775,1,1
4402829,1,2
4402845,1,1
4402862,1,0
4402904,1,3
4403257,1,2
4403260,2,2
4403350,1,1
4403435,1,1
4403548,1,0
4403561,1,0
4403717,1,1
4403821,1,2
4403827,1,0
4404102,1,1
4404117,1,2
4404201,1,2
4404350,2,0
4404353,1,0
4404364,1,1
4404426,1,1
4404454,1,1
4404488,1,2
4404524,1,2
4404658,1,1
4404774,1,1
4404886,1,3
4404943,1,1
4405007,1,0
4405154,1,1
4405158,1,2
4405216,1,1
4405257,1,1
4405283,1,4
4405310,1,1
4405547,1,1
4405637,1,1
4405946,1,1
4406178,1,2
4406306,1,0
4406370,1,1
4406414,1,2
4406495,1,1
4406512,1,2
4406557,1,1
4406590,1,1
4406767,1,1
4407115,1,1
4407119,1,1
4407153,1,1
4407196,1,2
4407285,1,1
4407371,1,2
4407380,1,1
4407439,1,1
4407465,1,2
4407472,1,2
4407480,1,3
4407740,1,3
4407784,1,1
4407973,1,1
4408094,2,1
4408314,1,1
4408416,1,1
4408420,1,1
4408424,1,0
4408426,1,1
4408495,1,0
4408697,1,2
4408735,1,3
4408832,1,0
4408841,1,2
4408907,1,0
4408932,1,0
4409008,1,2
4409073,1,1
4409179,1,0
4409182,1,1
4409186,1,1
4409219,1,2
4409226,1,1
4409236,1,3
4409240,1,3
4409323,1,1
4409343,1,1
4409633,1,1
4409795,1,2
4409882,1,0
4409978,1,2
4410189,1,3
4410363,1,1
4410412,1,1
4410426,1,1
4410427,1,1
4410483,1,2
4410507,1,1
4410539,1,2
4410641,1,1
4410681,1,3
4410755,1,4
4410873,1,1
4411080,1,1
4411082,1,0
4411165,1,1
4411201,1,1
4411288,1,2
4411367,1,0
4411458,1,0
4411485,1,4
4411490,1,2
4411505,1,2
4411507,1,0
4411580,1,0
4411720,1,1
4411751,1,1
4411863,1,6
4411875,1,1
4411880,1,2
4411968,1,1
4412093,1,0
4412101,1,1
4412128,1,0
4412175,1,2
4412277,1,2
4412300,1,1
4412459,1,1
4412502,1,2
4412528,1,2
4412598,1,1
4412627,1,1
4412664,1,1
4412738,1,0
4413039,1,1
4413046,2,5
4413105,1,4
4413196,1,1
4413262,1,1
4413410,1,2
4413433,1,1
4413503,1,1
4413800,1,0
4413891,1,0
4413947,1,1
4414372,1,1
4414419,1,0
4414485,1,3
4414524,1,0
4414610,1,1
4414626,1,0
4414646,1,0
4414705,1,0
4414709,1,1
4414712,1,0
4414755,1,2
4414769,1,0
4414933,1,1
4414971,1,0
4414989,1,2
4415024,1,0
4415035,1,1
4415178,1,1
4415243,1,0
4415282,1,1
4415371,1,1
4415378,1,3
4415515,1,0
4415583,1,2
4415741,1,0
4415792,2,0
4415819,1,1
4415919,1,4
4415973,1,3
4416000,1,2
4416148,1,1
4416170,1,2
4416209,1,2
4416295,1,0
4416308,3,0
4416314,1,1
4416390,1,1
4416478,1,2
4416521,1,2
4416557,2,1
4416682,1,0
4416846,1,1
4416878,1,0
4417005,1,1
4417072,1,0
4417349,1,1
4417458,1,1
4417522,1,1
4417580,1,0
4417608,1,1
4417784,1,2
4417922,1,2
4418061,1,1
4418120,1,2
4418155,2,1
4418236,1,1
4418302,1,1
4418663,1,3
4418666,1,3
4418761,1,1
4418764,1,2
4418765,1,1
4418814,1,1
4418837,1,2
4418863,1,1
4418930,1,1
4419033,2,0
4419067,1,2
4419068,1,1
4419080,1,1
4419099,1,1
4419124,1,1
4419146,1,3
4419164,1,1
4419250,1,1
4419324,1,0
4419393,1,1
4419444,2,0
4419446,1,3
4419542,1,1
4419626,1,1
4419630,1,3
4419727,1,1
4419856,1,2
4419889,2,2
4419906,1,3
4420008,1,3
4420059,1,2
4420072,1,1
4420198,1,0
4420274,1,1
4420291,1,1
4420304,1,1
4420317,1,5
4420381,1,3
4420433,1,1
4420483,1,1
4420569,1,1
4420582,1,1
4420591,1,1
4420635,3,0
4420666,1,1
4420679,1,1
4420680,1,3
4420715,1,2
4420717,1,3
4420738,1,2
4420743,2,3
4420776,2,1
4420844,1,2
4420885,1,1
4420892,1,1
4421177,1,1
4421223,1,0
4421325,1,1
4421335,1,1
4421348,1,0
4421420,1,0
4421469,2,0
4421470,3,0
4421474,1,0
4421514,1,1
4421530,1,2
4421578,1,1
4421601,1,2
4421620,1,2
4421655,1,2
4421945,1,1
4422011,1,1
4422067,1,1
4422143,1,0
4422174,1,0
4422370,1,3
4422400,1,1
4422463,1,2
4422471,1,1
4422585,1,2
4422774,1,2
4422820,1,2
4422972,1,0
4423005,1,0
4423015,2,0
4423052,1,2
4423056,1,1
4423098,1,1
4423253,1,1
4423298,1,1
4423303,1,1
4423319,1,1
4423339,1,3
4423411,1,2
4423428,1,1
4423513,1,1
4423517,1,0
4423521,1,3
4423563,1,0
4423791,1,1
4423919,1,2
4424002,1,0
4424076,1,1
4424229,1,2
4424242,1,1
4424277,1,1
4424455,1,1
4424530,1,1
4424534,1,0
4424637,1,0
4424704,1,2
4424758,3,0
4424762,1,0
4424764,1,0
4424774,1,3
4424827,1,1
4424973,1,1
4425058,1,2
4425355,1,1
4425526,1,3
4425564,1,1
4425672,1,0
4425723,1,1
4425730,1,2
4426111,1,1
4426135,1,0
4426155,1,0
4426229,1,3
4426541,1,1
4426865,1,3
4426888,1,3
4426930,2,0
4426963,1,1
4427021,1,1
4427340,1,2
4427379,1,0
4427405,1,2
4427418,1,2
4427422,1,2
4427440,1,3
4427475,1,1
4427815,1,0
4427857,1,1
4427861,1,1
4427890,1,1
4427932,2,0
4427957,1,2
4428007,1,1
4428210,1,2
4428287,1,0
4428319,1,2
4428335,1,1
4428347,1,0
4428553,1,1
4428562,1,3
4428871,1,0
4428887,1,1
4428888,1,1
4428900,1,2
4428954,1,0
4428972,1,2
4429268,1,3
4429306,1,1
4429349,2,0
4429351,1,1
4429591,1,1
4429673,1,1
4429834,1,0
4429842,1,2
4429998,1,2
4430065,1,1
4430192,1,1
4430256,1,0
4430273,1,0
4430338,1,1
4430350,1,1
4430478,1,2
4430620,1,2
4430638,1,1
4430733,1,1
4431061,1,2
4431145,1,1
4431155,1,0
4431201,1,1
4431360,1,2
4431409,1,2
4431417,1,1
4431466,1,3
4431489,1,1
4431611,1,2
4431708,1,1
4431785,1,1
4431795,1,5
4431884,1,1
4431967,1,0
4431973,1,1
4432096,1,3
4432199,1,3
4432240,1,2
4432267,1,1
4432268,1,2
4432329,2,0
4432348,1,1
4432410,1,3
4432588,1,2
4432603,1,1
4432848,1,1
4432936,1,2
4432974,1,1
4433018,1,0
4433023,1,1
4433080,1,1
4433081,1,1
4433118,1,2
4433207,1,1
4433256,1,2
4433360,1,1
4433366,1,0
4433447,1,1
4433578,1,1
4433622,1,1
4433651,1,0
4433757,1,1
4433849,1,4
4433887,1,1
4433888,1,3
4434025,1,2
4434045,1,1
4434196,1,2
4434274,1,1
4434292,1,1
4434472,3,2
4434487,1,1
4434760,1,1
4434769,1,0
4434783,1,0
4434799,1,1
4434817,1,0
4434930,1,1
4435058,1,1
4435198,1,1
4435230,1,1
4435237,1,1
4435240,1,2
4435261,1,2
4435276,1,1
4435371,1,2
4435399,1,1
4435485,1,1
4435516,1,2
4435677,1,0
4435723,1,1
4435765,1,0
4435908,1,0
4435986,1,1
4436029,1,2
4436107,1,0
4436145,1,2
4436177,1,1
4436273,1,2
4436360,1,2
4436516,1,1
4436655,1,2
4436663,1,1
4436817,1,1
4436935,1,2
4436959,1,1
4436968,1,2
4436992,1,2
4437002,1,3
4437045,1,1
4437255,1,1
4437264,1,1
4437341,1,0
4437356,1,0
4437415,1,3
4437503,1,1
4437720,1,2
4437810,1,1
4437911,1,1
4437970,1,0
4438040,1,3
4438068,1,3
4438135,1,1
4438555,1,1
4438571,1,0
4438767,1,2
4439062,1,0
4439066,1,2
4439076,1,1
4439096,1,0
4439133,1,0
4439161,1,1
4439224,2,2
4439403,1,1
4439512,1,1
4439519,1,1
4439651,1,1
4439694,1,2
4439801,1,2
4440025,1,1
4440053,1,0
4440068,1,0
4440460,1,2
4440473,1,0
4440511,1,2
4440627,1,1
4440635,1,2
4440887,1,0
4440985,2,2
4441125,1,1
4441259,1,0
4441270,1,2
4441344,1,1
4441362,1,3
4441427,1,1
4441447,1,2
4441467,1,2
4441479,1,1
4441501,1,0
4441520,1,1
4441721,2,5
4441722,3,8
4441758,1,1
4441767,1,1
4441813,1,1
4441863,1,1
4441959,2,3
4442090,1,1
4442402,1,1
4442453,1,1
4442524,1,0
4442537,1,0
4442586,1,3
4442621,1,2
4442727,1,1
4442741,1,0
4442757,1,0
4442790,1,1
4442876,1,1
4442976,1,1
4443004,1,2
4443017,3,0
4443053,2,0
4443288,1,2
4443318,1,0
4443370,2,2
4443447,1,2
4443523,1,2
4443621,1,0
4443709,1,2
4443729,1,2
4443748,1,2
4443775,1,1
4444131,1,4
4444333,1,1
4444359,1,2
4444415,1,2
4444625,2,1
4444641,1,1
4444677,1,1
4444777,1,1
4444827,1,2
4444995,1,3
4445042,1,1
4445181,2,0
4445257,1,1
4445310,1,1
4445395,1,1
4445439,1,1
4445555,1,0
4445562,1,0
4445563,1,0
4445576,1,0
4445579,1,2
4445584,1,1
4445798,1,1
4445826,1,5
4446029,1,1
4446106,1,1
4446279,1,1
4446291,1,1
4446458,1,2
4446598,1,1
4446670,1,2
4446829,1,1
4446998,1,2
4447025,1,2
4447116,1,2
4447221,1,3
4447386,1,0
4447474,1,2
4447664,2,2
4447765,1,2
4447858,1,1
4447903,1,0
4447968,1,1
4448197,1,1
4448267,1,1
4448308,1,1
4448328,1,0
4448368,1,5
4448387,1,2
4448602,1,3
4448681,1,1
4448793,1,3
4449015,1,1
4449129,1,2
4449156,3,1
4449157,1,0
4449185,1,0
4449324,1,3
4449327,1,3
4449337,1,2
4449411,2,2
4449460,1,3
4449498,1,0
4449679,1,2
4449741,1,1
4449770,1,2
4449840,1,1
4449843,1,2
4449964,1,3
4450006,1,1
4450023,1,1
4450071,1,1
4450090,1,4
4450218,1,1
4450248,1,0
4450398,1,1
4450492,1,0
4450543,1,3
4450647,1,0
4450723,1,3
4450753,1,3
4450872,1,1
4450882,1,1
4450951,1,2
4450955,1,1
4450966,1,1
4451069,1,1
4451073,1,1
4451075,1,1
4451085,1,2
4451118,1,2
4451120,1,2
4451130,1,1
4451140,1,2
4451212,1,3
4451270,1,2
4451284,1,3
4451322,1,1
4451361,1,1
4451640,1,1
4451676,1,2
4451732,1,1
4451794,1,1
4451969,1,3
4452042,1,1
4452134,1,0
4452193,1,2
4452214,1,2
4452216,1,1
4452297,1,1
4452309,1,0
4452513,1,3
4452635,1,1
4452649,1,1
4452688,1,2
4452848,1,4
4452873,1,2
4452915,1,3
4452961,1,1
4452967,1,3
4452970,1,1
4452995,1,1
4453281,1,1
4453333,1,2
4453407,1,0
4453410,1,0
4453475,1,1
4453676,1,1
4453854,1,1
4453991,1,1
4454074,1,3
4454091,1,2
4454357,1,0
4454514,1,2
4454621,1,1
4454635,1,1
4454663,1,0
4454678,1,2
4454827,1,1
4455053,1,2
4455069,1,0
4455117,1,2
4455134,1,2
4455153,1,1
4455478,1,1
4455565,1,2
4455653,1,1
4455752,1,3
4455885,1,1
4455991,1,1
4456198,1,1
4456475,1,0
4456792,1,2
4456867,1,1
4456871,1,1
4456933,1,1
4457269,1,1
4457279,1,2
4457379,2,4
4457449,1,1
4457458,1,1
4457464,1,4
4457509,1,1
4457573,1,3
4457637,1,1
4457683,1,0
4457818,1,2
4457917,1,1
4457980,1,2
4458007,1,1
4458011,1,2
4458021,1,1
4458042,1,1
4458111,1,0
4458156,1,3
4458203,1,2
4458219,1,0
4458297,1,1
4458649,1,1
4458877,1,2
4459137,1,0
4459143,1,0
4459458,1,1
4459484,1,1
4459574,1,0
4459637,1,1
4459692,1,1
4459721,1,2
4459880,1,2
4459892,1,0
4460024,1,5
4460038,1,0
4460040,1,1
4460083,1,0
4460287,1,0
4460341,1,1
4460427,1,2
4460444,1,1
4460561,1,0
4460589,1,1
4460671,1,1
4460765,1,2
4460801,1,1
4460969,1,2
4461358,1,1
4461442,1,2
4461500,1,0
4461597,1,2
4461621,1,2
4461627,1,1
4461831,1,2
4461925,1,1
4461933,1,3
4462004,2,0
4462023,1,2
4462072,1,2
4462089,1,1
4462098,1,0
4462200,1,1
4462223,1,1
4462278,1,3
4462662,1,1
4462711,1,1
4462756,1,1
4462762,1,1
4462792,1,2
4462848,1,1
4462859,1,0
4462867,1,0
4462957,1,3
4463058,1,1
4463111,1,1
4463181,1,2
4463252,1,0
4463279,1,1
4463281,1,1
4463335,1,0
4463340,1,4
4463361,1,0
4463420,1,1
4463553,2,4
4463556,1,1
4463722,1,3
4463738,1,1
4463870,1,1
4463941,1,1
4463948,1,3
4463953,1,1
4464065,1,0
4464131,1,2
4464163,2,0
4464166,2,0
4464290,1,1
4464481,1,1
4464483,1,1
4464528,1,0
4464708,1,0
4464765,1,1
4464767,1,1
4464874,1,1
4465014,1,0
4465016,2,4
4465143,1,1
4465163,1,0
4465169,1,3
4465414,1,1
4465507,1,1
4465551,1,1
4465615,1,2
4465681,1,2
4465683,1,2
4465714,1,1
4465718,1,1
4465969,1,0
4466498,1,3
4466517,1,2
4466593,1,1
4466598,1,1
4466629,1,3
4466706,1,2
4466755,1,0
4466846,1,0
4466860,1,1
4467166,2,3
4467215,1,1
4467225,1,1
4467274,1,1
4467279,1,2
4467282,1,1
4467447,1,1
4467487,1,1
4467701,1,0
4467840,1,0
4468085,1,0
4468088,1,1
4468125,1,0
4468233,1,0
4468514,1,2
4468613,1,1
4468629,1,2
4468655,1,1
4468723,1,0
4468805,1,1
4468902,1,1
4468992,1,1
4469069,1,1
4469218,1,1
4469240,1,1
4469255,1,2
4469303,1,2
4469487,1,1
4469513,2,2
4469575,1,2
4469666,1,1
4469675,1,1
4469702,1,2
4469777,1,4
4469863,1,2
4469873,1,1
4469930,1,0
4469935,1,0
4469984,1,0
4470099,1,1
4470105,1,2
4470206,1,0
4470209,1,2
4470252,1,1
4470354,1,1
4470442,1,1
4470618,1,2
4470622,1,3
4470629,1,3
4470777,1,2
4470856,1,0
4470869,1,1
4471046,1,2
4471316,1,1
4471322,1,2
4471324,1,1
4471527,1,3
4471534,1,1
4471589,1,0
4471595,1,1
4471596,1,1
4471600,1,0
4471652,1,1
4471671,1,1
4471868,1,1
4471885,1,1
4471889,2,0
4471891,1,0
4471899,1,0
4471956,1,2
4472038,1,2
4472089,1,0
4472165,1,3
4472182,1,1
4472296,1,1
4472313,1,1
4472575,1,0
4472664,1,0
4472751,1,1
4472781,1,3
4472853,1,3
4472872,1,1
4472965,1,0
4473032,1,2
4473144,1,1
4473179,1,0
4473184,1,1
4473326,2,1
4473343,1,1
4473456,1,1
4473498,1,2
4473550,1,2
4473635,1,2
4473657,1,1
4473890,1,2
4474083,1,2
4474098,1,0
4474130,1,1
4474134,1,1
4474199,1,1
4474271,1,2
4474334,1,0
4474403,1,1
4474467,1,1
4474480,1,1
4474595,1,1
4474644,1,0
4474737,1,2
4474811,1,1
4474822,1,1
4474962,1,1
4474975,1,1
4474998,1,3
4475127,1,2
4475148,1,2
4475628,1,0
4475690,1,2
4475833,1,1
4475939,2,0
4475974,1,1
4476156,1,2
4476162,1,1
4476308,1,1
4476480,1,3
4476695,1,2
4476919,1,1
4477197,1,1
4477201,1,4
4477217,1,2
4477289,1,0
4477413,1,0
4477472,1,0
4477516,1,0
4477549,2,2
4477675,1,0
4477682,1,0
4477688,1,1
4477693,1,1
4477894,1,3
4477905,1,4
4477914,1,2
4477943,1,0
4478190,1,0
4478297,1,1
4478391,2,2
4478427,1,1
4478475,1,1
4478696,1,0
4478758,3,9
4478898,1,2
4478984,1,1
4479034,1,1
4479121,1,1
4479203,1,1
4479218,1,1
4479219,1,1
4479280,1,0
4479290,1,1
4479338,1,3
4479426,1,3
4479508,1,0
4479586,1,0
4479603,1,1
4479627,1,2
4480025,1,0
4480057,1,0
4480061,1,3
4480092,1,3
4480108,1,2
4480120,1,4
4480129,1,2
4480154,1,1
4480159,1,0
4480269,1,2
4480320,1,1
4480347,1,1
4480430,1,1
4480447,1,1
4480548,1,0
4480549,1,1
4480637,1,1
4480670,1,1
4480829,1,1
4481089,1,1
4481158,1,0
4481213,1,2
4481262,2,6
4481386,1,0
4481391,1,2
4481487,1,2
4481541,1,1
4481612,1,2
4481731,1,1
4481792,1,0
4481929,1,2
4481944,1,1
4481984,1,1
4482037,1,1
4482083,1,2
4482096,1,1
4482126,1,1
4482135,1,2
4482183,3,1
4482426,1,1
4482463,1,2
4482472,2,0
4482513,1,1
4482674,2,0
4482694,1,1
4482788,1,4
4482807,1,2
4482967,1,1
4482984,2,4
4482986,1,1
4483236,1,1
4483353,1,0
4483354,1,1
4483462,1,1
4483744,1,1
4483749,1,1
4483760,1,2
4483894,1,2
4483933,1,2
4484032,1,1
4484087,1,2
4484314,1,1
4484317,1,2
4484324,1,0
4484365,1,1
4484405,1,1
4484408,2,3
4484426,1,0
4484548,2,0
4484611,1,1
4484728,1,3
4484857,1,2
4484972,1,1
4484979,1,2
4485191,1,2
4485266,1,8
4485267,1,8
4485421,2,1
4485511,4,3
4485557,1,3
4485596,1,1
4485810,1,2
4485863,1,0
4486297,1,1
4486324,1,0
4486333,1,0
4486334,1,0
4486335,1,1
4486336,2,1
4486339,1,1
4486340,1,0
4486342,2,1
4486343,1,1
4486352,1,1
4486417,1,0
4486440,1,3
4486601,1,1
4486611,1,1
4486700,1,0
4486797,1,2
4486813,1,1
4486865,1,1
4486902,1,1
4487032,1,1
4487037,1,2
4487044,1,2
4487096,1,3
4487117,1,1
4487242,1,2
4487343,1,2
4487450,1,1
4487463,1,1
4487549,1,1
4487577,1,0
4487706,1,1
4487709,1,1
4487755,1,3
4487903,1,2
4487981,1,1
4488060,1,2
4488114,1,2
4488147,1,1
4488168,1,1
4488229,1,3
4488234,1,5
4488305,2,4
4488331,1,2
4488355,1,4
4488369,2,3
4488370,2,7
4488406,1,3
4488447,1,2
4488458,1,1
4488472,1,4
4488539,1,2
4488608,1,1
4488609,2,6
4488617,2,8
4488618,1,1
4488654,1,1
4488657,1,2
4488715,1,2
4488737,1,2
4488749,1,0
4488847,1,2
4488848,3,8
4488849,4,24
4488856,1,2
4488975,1,1
4488988,1,0
4489118,1,9
4489121,1,1
4489124,1,9
4489126,1,9
4489130,1,9
4489131,1,9
4489169,1,2
4489227,1,2
4489441,1,1
4489825,1,1
4489873,1,1
4489913,1,1
4489915,1,1
4489953,1,1
4489978,1,0
4490075,1,1
4490100,1,2
4490140,1,2
4490153,1,1
4490156,1,1
4490168,1,1
4490182,1,1
4490190,1,2
4490228,1,1
4490238,1,1
4490258,1,3
4490338,1,2
4490345,1,2
4490475,1,1
4490494,1,1
4490682,1,1
4490741,1,0
4490892,1,1
4490925,1,1
4490929,1,4
4491036,1,1
4491097,1,1
4491106,1,2
4491113,2,2
4491115,1,0
4491130,1,1
4491135,1,2
4491333,1,1
4491418,1,1
4491503,1,1
4491629,1,2
4491717,1,1
4491886,1,1
4491898,1,2
4491912,1,3
4492177,1,0
4492248,1,1
4492307,1,1
4492313,1,1
4492443,2,0
4492497,1,1
4492642,1,3
4492900,1,0
4492904,1,0
4492929,1,2
4493031,1,3
4493047,1,1
4493146,1,1
4493173,1,3
4493260,1,1
4493277,1,2
4493351,1,1
4493403,1,1
4493449,1,0
4493450,1,0
4493453,1,0
4493455,1,0
4493483,1,1
4493496,1,1
4493497,1,3
4493528,1,1
4493533,1,1
4493546,1,1
4493547,1,1
4493553,1,1
4493559,1,1
4493563,3,5
4493564,1,1
4493565,1,1
4493567,1,1
4493604,1,1
4493709,1,1
4493727,1,1
4493859,1,1
4493925,1,2
4493932,1,1
4493950,1,2
4493957,1,1
4494026,1,1
4494156,1,1
4494257,1,1
4494295,1,1
4494503,1,2
4494566,2,3
4494579,1,1
4494585,1,1
4494605,1,1
4494675,2,4
4494677,3,6
4494679,2,4
4494682,2,4
4494685,2,4
4494686,2,4
4494725,1,2
4494726,1,2
4494767,1,1
4494835,1,0
4494860,1,2
4494922,1,3
4495082,1,2
4495110,1,2
4495288,1,2
4495289,1,2
4495309,2,1
4495377,1,2
4495451,1,3
4495487,1,1
4495627,1,2
4495804,1,1
4495972,1,0
4495981,1,2
4496014,1,3
4496128,1,2
4496170,1,1
4496391,1,2
4496477,1,1
4496732,1,1
4496748,1,1
4496939,1,2
4497099,1,1
4497150,2,12
4497170,1,1
4497236,1,1
4497310,1,1
4497397,1,2
4497448,1,0
4497575,1,2
4497700,1,0
4497705,1,4
4497709,1,1
4497768,1,1
4497946,1,0
4498074,1,2
4498315,1,0
4498366,1,3
4498564,1,6
4498565,1,6
4498569,1,6
4498570,1,6
4498571,1,6
4498572,1,1
4498837,1,1
4498976,1,1
4499019,1,1
4499023,1,0
4499158,1,1
4499314,1,2
4499440,1,1
4499467,1,6
4499469,1,1
4499480,1,2
4499489,1,2
4499496,1,2
4499502,1,2
4499505,1,2
4499506,1,4
4499509,1,2
4499511,1,2
4499512,1,2
4499521,2,0
4499594,1,3
4499599,1,3
4499621,1,3
4499628,1,3
4499668,1,1
4499676,1,1
4499695,1,0
4499829,1,2
4499871,1,1
4500020,1,1
4500325,1,2
4500348,1,5
4500349,1,1
4500495,1,3
4500532,1,0
4500568,1,1
4500589,1,1
4500680,1,3
4500685,1,0
4500688,1,0
4500692,1,1
4500712,1,1
4500810,1,1
4500888,1,0
4500948,1,1
4501022,1,2
4501171,1,2
4501246,1,1
4501256,1,1
4501423,1,0
4501616,1,1
4501746,1,1
4501809,1,1
4501828,1,1
4502103,1,2
4502190,1,0
4502199,1,2
4502257,1,1
4502262,1,1
4690741,1,2
5059579,1,2
5059691,1,2
5059865,1,2
5059890,1,0
5059891,3,0
5059908,1,0
5060057,1,2
5060064,1,0
5060104,1,1
5060136,1,0
5060152,1,0
5060545,1,1
5060605,1,2
5060710,2,1
5060731,1,0
5060785,1,1
5060809,1,1
5060822,1,1
5060925,1,2
5060940,1,1
5060986,1,0
5061003,1,0
5061056,1,1
5061313,1,2
5061331,1,2
5061333,1,1
5061358,1,1
5061487,2,1
5061602,2,4
5061756,2,6
5061778,1,0
5061800,1,1
5061896,1,1
5062020,1,3
5062101,1,0
5062250,2,1
5062379,1,0
5062706,1,3
5062744,1,2
5062970,1,2
5063177,1,1
5063230,1,2
5063256,1,2
5063367,1,1
5063369,1,1
5063404,1,0
5063476,1,2
5063579,1,0
5063658,1,0
5063759,1,1
5063762,1,3
5063797,1,1
5063889,1,3
5063899,1,1
5063911,1,3
5063913,1,1
5063966,1,0
5063967,1,0
5064008,1,2
5064156,1,0
5064195,1,1
5064345,1,1
5064421,1,3
5064431,1,3
5064732,1,4
5064867,2,0
5064923,1,0
5064974,1,0
5065229,1,1
5065305,1,1
5065479,2,0
5065482,1,2
5065487,1,2
5065506,1,1
5065559,1,2
5065578,1,1
5065715,1,1
5065766,1,2
5065772,1,2
5065868,1,1
5065874,1,2
5065930,1,1
5065972,1,1
5066117,1,1
5066188,1,2
5066269,1,1
5066332,1,1
5066362,1,1
5066376,1,1
5066392,3,9
5066431,1,1
5066460,1,1
5066533,2,1
5066655,1,0
5066684,2,6
5066742,1,1
5066843,1,4
5066856,1,1
5066860,1,0
5066876,2,3
5066896,1,0
5066899,3,0
5066987,1,2
5067008,1,0
5067017,1,2
5067025,1,2
5067142,2,6
5067165,1,1
5067256,1,3
5067463,3,9
5067464,2,3
5067619,1,1
5067668,1,4
5067789,1,2
5067820,1,1
5067885,1,2
5067901,1,6
5067934,1,1
5067969,1,1
5068048,1,2
5068163,1,3
5068188,1,1
5068253,1,2
5068324,2,2
5068344,1,1
5068380,1,2
5068430,1,1
5068440,3,0
5068592,3,7
5068915,1,1
5068966,1,0
5068970,1,4
5068977,1,4
5069001,1,1
5069045,1,1
5069052,1,1
5069119,1,4
5069147,1,1
5069192,1,1
5069231,1,2
5069240,1,0
5069322,1,0
5069385,2,6
5069386,1,2
5069387,1,4
5069429,1,4
5069488,1,2
5069492,1,2
5069603,1,1
5069619,1,1
5069658,1,1
5069730,1,1
5069796,1,3
5069978,1,1
5070034,1,2
5070046,1,2
5070115,1,2
5070223,1,0
5070240,1,3
5070295,1,1
5070297,1,0
5070328,2,8
5070330,1,0
5070342,1,2
5070412,1,1
5070420,1,1
5070553,1,2
5070590,1,1
5070648,2,0
5070656,1,0
5070746,1,2
5070786,1,3
5070893,1,2
5070943,1,1
5070957,1,0
5071051,1,1
5071128,1,2
5071198,1,1
5071232,1,0
5071315,2,0
5071369,2,0
5071396,1,0
5071425,1,1
5071445,1,1
5071448,1,2
5071477,1,0
5071615,1,1
5071660,1,2
5071679,1,2
5071697,1,2
5071791,1,1
5071891,1,1
5071929,1,2
5072006,1,2
5072033,1,3
5072043,2,6
5072097,1,1
5072102,1,0
5072163,1,0
5072248,1,1
5072260,1,1
5072282,1,0
5072317,1,3
5072332,1,1
5072360,1,1
5072395,1,1
5072445,1,2
5072455,1,2
5072491,3,0
5072535,1,1
5072565,1,0
5072602,1,1
5072760,1,1
5072774,1,2
5072869,1,1
5072926,3,3
5072980,1,4
5072988,1,1
5072994,1,2
5073011,1,2
5073039,1,3
5073154,1,1
5073291,2,6
5073302,1,2
5073338,1,1
5073407,1,0
5073468,1,1
5073507,1,1
5073547,1,2
5073549,1,4
5073559,1,1
5073659,1,4
5073767,1,0
5073794,1,0
5073819,1,2
5073829,1,1
5073891,1,1
5073938,1,2
5074004,2,5
5074018,1,1
5074228,1,1
5074283,1,2
5074417,1,1
5074615,1,0
5074623,1,1
5074809,1,3
5074833,1,2
5074887,1,0
5074892,4,14
5074957,1,1
5075005,1,3
5075185,2,3
5075196,1,2
5075267,1,1
5075279,1,1
5075439,1,2
5075485,1,1
5075492,1,4
5075660,1,1
5075691,1,1
5075699,1,1
5075720,1,1
5075766,1,4
5075788,1,6
5075938,1,1
5075947,3,0
5075961,1,1
5075994,1,2
5076167,3,2
5076252,2,2
5076311,1,2
5076417,1,0
5076419,2,5
5076443,1,1
5076449,1,3
5076571,2,6
5076598,1,1
5076638,1,1
5076721,1,2
5076829,1,1
5076855,1,8
5076858,1,2
5076929,1,2
5076950,1,2
5076980,1,1
5077003,2,6
5077063,1,3
5077111,1,1
5077360,1,2
5077365,3,8
5077593,1,1
5077738,1,2
5077812,1,1
5077841,1,1
5077870,1,2
5077874,1,3
5078160,1,1
5078209,1,9
5078262,1,1
5078276,1,2
5078315,1,3
5078342,2,2
5078444,1,1
5078595,1,1
5078654,1,4
5078718,1,1
5078754,1,2
5078802,1,2
5078862,1,2
5078933,1,1
5078980,2,6
5078990,1,0
5079012,1,3
5079075,1,0
5079177,1,2
5079201,1,1
5079304,1,1
5079326,1,8
5079372,1,1
5079402,1,1
5079536,2,6
5079615,1,2
5079646,1,1
5079649,1,1
5079792,1,0
5079796,1,1
5080113,1,2
5080184,2,0
5080189,1,2
5080210,1,0
5080236,1,2
5080435,1,0
5080531,1,1
5080584,1,1
5080658,1,2
5080714,1,1
5080720,1,4
5080741,2,1
5080851,2,6
5080881,3,7
5080944,1,6
5081033,1,9
5081088,1,1
5081104,1,1
5081137,1,1
5081239,1,3
5081256,1,1
5081326,1,1
5081351,1,1
5081356,2,3
5081383,1,3
5081508,1,6
5081550,1,5
5081595,1,1
5081795,1,1
5081828,2,6
5081846,2,4
5081939,1,1
5081977,1,2
5081987,1,1
5081988,1,1
5081989,1,0
5082000,1,0
5082109,1,2
5082131,1,3
5082187,5,7
5082188,1,2
5082335,1,1
5082385,2,0
5082405,1,1
5082448,1,2
5082458,1,1
5082486,1,3
5082497,1,1
5082532,1,3
5082748,1,1
5082763,1,8
5082794,1,1
5082834,1,3
5082911,1,0
5082949,1,1
5082979,1,2
5082984,1,2
5082987,1,0
5083027,1,0
5083120,1,1
5083133,1,1
5083190,1,5
5083204,1,1
5083209,1,0
5083273,1,1
5083277,1,2
5083384,1,3
5083418,1,1
5083419,1,1
5083486,1,2
5083521,1,2
5083660,1,2
5083674,1,1
5083768,1,0
5083836,1,0
5083900,1,2
5083913,1,0
5084037,1,3
5084115,1,2
5084159,1,3
5084216,1,0
5084309,1,4
5084348,1,2
5084495,1,3
5084571,1,4
5084618,1,1
5084749,1,2
5084920,1,1
5084959,1,1
5084964,1,0
5084970,1,0
5085048,4,8
5085054,1,2
5085102,1,2
5085126,1,2
5085287,5,16
5085368,1,0
5085412,1,1
5085490,1,1
5085514,4,5
5085617,1,1
5085695,1,2
5085711,1,1
5085790,2,6
5085832,1,0
5085868,1,2
5086033,1,0
5086116,1,0
5086118,1,0
5086151,1,2
5086214,1,1
5086309,1,2
5086361,1,3
5086396,2,6
5086480,1,1
5086627,2,6
5086774,1,2
5086863,1,2
5086902,1,1
5087061,1,1
5087216,1,2
5087501,2,6
5087514,1,1
5087552,1,2
5087677,1,2
5087755,1,0
5087759,1,1
5087914,1,1
5087947,1,4
5088052,1,1
5088139,1,2
5088179,1,1
5088180,1,1
5088220,2,5
5088231,1,0
5088352,1,0
5088446,1,2
5088447,2,6
5088467,1,2
5088476,2,0
5088490,1,2
5088531,1,3
5088555,1,0
5088606,1,1
5088622,1,1
5089018,1,1
5089056,1,1
5089190,1,2
5089256,2,6
5089290,1,5
5089388,1,1
5089474,1,4
5089721,3,0
5089784,1,1
5089966,1,1
5089996,3,3
5090058,1,1
5090176,1,0
5090194,1,1
5090200,1,3
5090201,1,0
5090217,1,2
5090226,1,1
5090328,1,1
5090343,1,2
5090401,1,4
5090443,2,6
5090473,1,1
5090614,1,1
5090668,1,1
5090677,2,3
5090678,2,0
5090690,1,2
5090753,1,1
5090856,2,1
5090921,1,3
5090954,1,1
5091155,1,3
5091168,1,1
5091181,1,2
5091208,1,2
5091234,1,1
5091325,1,2
5091339,1,0
5091434,1,3
5091481,1,2
5091490,1,1
5091491,3,0
5091569,1,1
5091575,1,1
5091683,1,1
5091762,1,1
5091790,2,13
5091812,1,1
5091930,1,1
5092021,1,1
5092165,1,1
5092172,1,1
5092222,1,1
5092227,1,4
5092291,1,1
5092340,1,2
5092392,1,1
5092488,1,1
5092508,1,0
5092577,1,2
5092648,1,1
5092721,3,8
5092759,1,1
5092817,1,1
5092846,1,1
5092922,1,2
5092954,1,1
5092960,1,1
5093002,1,1
5093085,1,2
5093112,1,2
5093263,1,1
5093265,1,0
5093353,2,3
5093498,1,1
5093527,1,1
5093548,1,1
5093667,1,3
5093683,1,4
5093851,1,1
5093928,1,3
5094075,1,1
5094109,1,1
5094287,1,2
5094353,1,1
5094359,1,1
5094414,1,1
5094505,1,8
5094630,1,1
5094795,1,2
5094800,6,11
5094818,1,11
5094897,1,1
5094934,1,1
5094957,1,6
5095051,1,3
5095116,1,2
5095165,1,2
5095256,2,6
5095352,1,2
5095357,1,1
5095360,3,2
5095521,2,6
5095589,1,1
5095621,1,1
5095670,1,1
5095752,1,1
5095776,1,2
5095801,1,1
5095880,1,1
5096021,1,1
5096033,1,3
5096070,1,1
5096081,1,2
5096093,2,12
5096182,1,0
5096210,2,6
5096219,1,2
5096296,1,0
5096320,1,2
5096358,1,1
5096381,1,0
5096394,1,1
5096477,1,0
5096497,1,1
5096512,1,1
5096517,1,0
5096710,1,1
5096859,1,1
5096866,1,0
5096867,1,1
5096890,1,1
5096958,1,1
5097158,1,0
5097312,1,2
5097344,2,6
5097533,1,5
5097653,1,1
5097674,2,6
5097697,2,6
5097803,3,0
5097911,1,1
5097952,1,1
5097980,1,3
5097982,1,3
5097983,1,2
5098108,1,3
5098132,1,6
5098400,3,15
5098572,3,7
5098710,2,1
5098758,1,1
5098894,1,1
5098936,1,1
5098950,1,1
5098977,1,1
5099003,1,2
5099014,1,1
5099020,1,2
5099125,1,3
5099135,1,4
5099176,1,0
5099284,1,2
5099323,1,2
5099473,2,6
5099537,1,1
5099568,1,1
5099584,1,2
5099636,1,5
5099696,1,1
5099704,1,2
5099716,1,0
5099723,1,0
5099817,1,1
5099872,1,2
5099875,1,2
5099918,1,2
5100056,1,2
5100124,1,1
5100168,1,2
5100178,1,1
5100180,1,0
5100189,1,1
5100266,1,1
5100304,1,2
5100531,1,0
5100559,2,6
5100580,1,1
5100687,1,2
5100711,1,1
5100770,1,1
5100861,1,1
5100884,1,1
5101028,1,0
5101039,1,2
5101147,1,2
5101191,1,3
5101255,1,1
5101342,1,2
5101377,1,2
5101419,1,2
5101482,1,1
5101560,1,3
5101580,1,3
5101601,1,1
5101782,1,0
5101805,1,2
5101899,1,3
5101943,1,2
5101970,2,6
5102048,1,1
5102074,1,0
5102083,1,4
5102177,1,2
5102279,1,1
5102304,1,2
5102437,1,1
5102498,1,1
5102574,1,2
5102589,1,1
5102801,1,1
5102825,2,2
5102861,1,1
5102869,1,2
5102874,1,1
5102930,1,1
5102976,1,1
5103001,1,1
5103025,1,2
5103046,1,1
5103091,3,0
5103326,1,0
5103397,1,0
5103576,1,1
5103677,1,0
5103711,1,1
5103721,2,2
5103760,1,1
5103859,3,8
5103902,1,0
5103917,1,2
5103943,1,3
5104133,3,10
5104134,1,0
5104141,1,5
5104145,1,1
5104192,1,1
5104223,1,1
5104234,4,14
5104281,1,0
5104331,2,2
5104344,1,1
5104346,1,1
5104387,1,1
5104395,1,1
5104424,1,1
5104485,2,0
5104498,2,0
5104551,1,0
5104606,1,0
5104699,1,0
5104711,1,1
5105031,1,1
5105128,1,0
5105160,2,6
5105167,1,1
5105197,1,1
5105210,1,0
5105238,1,1
5105260,1,1
5105294,1,5
5105317,1,0
5105325,1,0
5105381,3,4
5105466,1,1
5105471,3,0
5105559,2,6
5105581,1,1
5105743,1,1
5105767,1,1
5105815,1,2
5105855,1,2
5105873,1,0
5105914,1,4
5105918,1,1
5105945,1,1
5106044,1,1
5106096,1,1
5106183,1,2
5106301,3,7
5106308,1,0
5106358,1,1
5106433,1,1
5106504,2,1
5106541,1,0
5106855,1,1
5106934,1,1
5106978,1,1
5107009,1,1
5107029,1,1
5107400,1,2
5107425,1,0
5107438,2,2
5107484,1,2
5107668,1,4
5107724,1,2
5107794,2,8
5107797,3,0
5107816,1,1
5107834,1,0
5107956,6,8
5107961,1,2
5108039,1,3
5108042,1,2
5108166,1,1
5108218,1,1
5108226,1,1
5108412,1,1
5108464,3,1
5108516,1,1
5108561,1,1
5108730,1,1
5108763,1,1
5108772,1,2
5109158,1,2
5109197,1,2
5109302,1,2
5109307,2,6
5109394,1,2
5109518,1,3
5109551,1,2
5109564,1,1
5109770,1,3
5109784,1,1
5109789,2,6
5109791,1,2
5109836,3,7
5109922,1,2
5109977,1,1
5110020,1,1
5110026,1,0
5110106,1,1
5110138,1,2
5110156,1,1
5110233,1,1
5110235,1,2
5110294,1,0
5110365,2,4
5110530,1,0
5110670,1,2
5110730,1,2
5110742,1,1
5110769,1,1
5110819,1,1
5110823,1,1
5110894,1,0
5110896,1,0
5111034,1,1
5111037,1,1
5111077,1,0
5111135,1,2
5111185,1,1
5111207,1,1
5111253,1,1
5111257,2,3
5111263,1,1
5111267,1,1
5111314,1,2
5111346,1,1
5111438,1,2
5111455,3,7
5111481,1,1
5111522,1,0
5111544,1,1
5111560,1,1
5111659,1,0
5111674,1,1
5111720,1,2
5111776,1,0
5111871,1,2
5111996,3,8
5111997,1,0
5112126,1,3
5112141,1,2
5112180,1,0
5112181,1,1
5112353,2,6
5112390,1,1
5112463,1,1
5112523,1,1
5112564,1,2
5112624,1,6
5112770,1,1
5112776,1,1
5112829,1,0
5112863,1,0
5112905,1,1
5112907,1,1
5112983,1,1
5113144,1,1
5113165,1,1
5113260,2,4
5113367,1,1
5113396,1,1
5113413,1,0
5113486,1,1
5113498,1,2
5113510,1,0
5113571,1,2
5113688,1,2
5113697,2,2
5113720,1,1
5113819,1,1
5113848,1,2
5113901,1,1
5114126,1,0
5114185,1,1
5114255,1,1
5114285,1,0
5114288,1,1
5114429,2,6
5114480,1,3
5114586,1,1
5114688,1,1
5114703,2,8
5115019,1,2
5115073,1,1
5115241,1,0
5115403,1,2
5115450,2,3
5115509,1,0
5115649,1,2
5115730,1,2
5115737,1,1
5115774,1,1
5115911,1,1
5115920,1,4
5115966,1,3
5116029,1,2
5116072,1,1
5116083,1,2
5116144,1,1
5116183,1,0
5116194,1,2
5116250,1,2
5116261,1,1
5116275,1,1
5116344,1,1
5116361,2,9
5116642,1,2
5116668,1,1
5116801,1,0
5116804,1,1
5116933,1,1
5116952,1,0
5116970,2,2
5116991,1,1
5117122,1,6
5117470,2,8
5117579,1,2
5117650,1,1
5117653,1,1
5117675,2,3
5117703,1,1
5117704,1,3
5118017,1,8
5118163,1,2
5118181,1,2
5118281,1,1
5118284,1,1
5118287,1,1
5118364,1,3
5118442,1,3
5118481,1,1
5118516,1,1
5118641,1,2
5118705,1,5
5118711,1,2
5118744,1,0
5118837,1,1
5118910,1,1
5118966,1,3
5119023,1,1
5119132,1,1
5119223,1,3
5119246,1,1
5119259,1,0
5119400,1,1
5119453,1,1
5119712,1,4
5119841,1,2
5119937,1,2
5120161,1,0
5120196,1,0
5120238,1,2
5120282,1,1
5120296,1,0
5120332,1,1
5120622,3,8
5120699,1,1
5120734,1,3
5120779,1,1
5120824,1,2
5120893,1,1
5120987,1,2
5121175,2,6
5121208,1,3
5121215,1,1
5121244,1,2
5121264,1,2
5121288,1,1
5121393,1,0
5121522,1,1
5121579,1,1
5121609,2,0
5121610,1,1
5121683,1,1
5121692,1,1
5121805,1,3
5121891,1,2
5121904,1,2
5121957,1,1
5122078,1,1
5122115,1,1
5122124,1,0
5122163,1,2
5122191,1,2
5122248,2,6
5122357,1,1
5122613,1,2
5122648,1,2
5122826,1,1
5122944,1,0
5122980,1,2
5123033,1,2
5123193,1,1
5123221,1,1
5123233,1,2
5123239,2,6
5123252,1,1
5123537,1,1
5123733,1,1
5123846,1,1
5123876,1,2
5123878,1,1
5123959,1,0
5124089,1,1
5124108,1,1
5124154,1,1
5124247,1,1
5124292,1,2
5124345,1,2
5124363,1,4
5124369,1,1
5124380,1,1
5124405,2,6
5124477,3,7
5124511,1,3
5124531,1,1
5124546,1,3
5124583,1,1
5124625,1,0
5124649,1,0
5124667,1,1
5124746,1,2
5124781,1,0
5124782,1,0
5124785,1,0
5124835,1,1
5124845,2,6
5124867,1,0
5125048,1,2
5125064,1,2
5125109,1,2
5125218,1,1
5125219,1,1
5125229,1,1
5125233,1,2
5125248,1,1
5125342,1,1
5125349,1,1
5125543,1,1
5125561,1,2
5125665,1,1
5125713,1,1
5125727,1,1
5125784,1,2
5125808,1,1
5125811,5,8
5125981,1,0
5126030,3,7
5126077,3,7
5126274,1,0
5126301,1,1
5126406,1,2
5126477,1,0
5126538,1,2
5126574,1,1
5126655,6,8
5126659,1,2
5126675,1,3
5126679,1,2
5126686,1,0
5126873,1,1
5126892,2,6
5127013,2,0
5127048,2,6
5127246,1,4
5127370,1,0
5127478,2,6
5127501,1,0
5127508,1,1
5127602,1,1
5127628,1,0
5127808,1,1
5128016,1,1
5128090,1,1
5128094,1,2
5128132,1,1
5128188,1,1
5128214,1,2
5128242,1,1
5128243,2,6
5128356,1,1
5128544,1,2
5128705,2,6
5128715,2,6
5128925,1,1
5128951,2,0
5129010,1,0
5129053,1,1
5129348,1,1
5129370,1,4
5129443,2,1
5129555,1,0
5129671,1,0
5129763,1,1
5129857,1,3
5129867,1,1
5129947,1,3
5129952,1,1
5130034,2,3
5130140,1,2
5130205,1,0
5130206,2,2
5130232,1,1
5130250,1,2
5130364,1,3
5130647,2,1
5130681,1,1
5130697,1,2
5130719,1,0
5130736,1,2
5130759,1,1
5130763,2,6
5130769,1,3
5130770,1,1
5130832,1,2
5130893,1,1
5130894,1,1
5130954,1,1
5131010,1,0
5131038,1,2
5131107,1,2
5131207,1,2
5131256,1,2
5131262,1,1
5131311,1,1
5131416,1,1
5131425,3,0
5131519,2,3
5131603,1,3
5131668,1,2
5131735,1,1
5131811,1,3
5131864,1,1
5131932,1,1
5131941,1,1
5132037,1,1
5132093,1,2
5132172,1,1
5132239,1,2
5132469,1,1
5132530,1,2
5132550,1,2
5132605,1,1
5132711,1,1
5132718,1,1
5132736,1,0
5132789,1,2
5132809,2,2
5132822,1,1
5132823,1,4
5132922,1,1
5132990,1,1
5133321,1,0
5133324,1,1
5133427,1,2
5133582,1,1
5133610,1,1
5133727,1,1
5133733,1,1
5133760,1,2
5133763,2,3
5133865,1,1
5133922,1,1
5133978,1,2
5133988,1,0
5134115,1,1
5134131,1,1
5134143,1,0
5134190,1,4
5134232,1,1
5134275,1,1
5134295,1,1
5134428,1,0
5134429,1,1
5134463,1,1
5134539,1,0
5134596,1,2
5134620,1,1
5134673,3,4
5134849,1,2
5134937,1,2
5135020,2,1
5135059,1,1
5135096,1,2
5135192,1,0
5135455,1,2
5135563,1,2
5135752,2,6
5135803,1,1
5135920,1,6
5135968,1,1
5136029,1,1
5136107,1,1
5136316,2,6
5136397,1,2
5136433,1,5
5136631,1,0
5136693,1,0
5136754,1,2
5136758,1,4
5136789,1,2
5136832,1,1
5137077,1,10
5137111,1,2
5137332,1,0
5137424,1,2
5137562,1,1
5137572,1,1
5137613,1,1
5137658,1,2
5137686,1,0
5137690,1,0
5137774,1,0
5137796,2,0
5137882,1,1
5137912,1,4
5138048,1,0
5138064,1,1
5138149,1,3
5138289,1,1
5138348,1,1
5138375,1,1
5138388,1,3
5138589,1,2
5138608,1,1
5138662,1,1
5138663,1,2
5138799,1,3
5138956,1,1
5138968,1,2
5138999,2,6
5139027,1,1
5139030,2,0
5139054,1,1
5139077,1,1
5139115,1,0
5139133,1,1
5139146,2,2
5139150,1,1
5139183,1,2
5139185,1,0
5139274,1,1
5139662,1,1
5139664,1,1
5139670,1,1
5139743,1,1
5139764,1,1
5139844,1,1
5139969,1,1
5140021,1,1
5140041,2,2
5140123,1,9
5140226,1,1
5140258,1,1
5140310,1,3
5140438,3,7
5140455,1,1
5140547,1,3
5140791,1,4
5140809,1,1
5140986,2,0
5141066,1,1
5141098,1,1
5141137,1,1
5141176,1,1
5141255,1,4
5141468,2,11
5141513,1,1
5141541,1,1
5141549,1,2
5141676,1,1
5141683,1,2
5141686,1,3
5141831,1,1
5141875,2,5
5141925,1,1
5142058,1,1
5142062,1,1
5142097,1,2
5142207,3,5
5142212,1,1
5142244,1,1
5142314,1,2
5142362,1,2
5142373,1,2
5142407,1,1
5142420,1,2
5142571,1,2
5142663,1,1
5142748,1,2
5142815,1,1
5142834,1,2
5142923,1,0
5142976,1,1
5143141,1,1
5143162,1,2
5143187,1,1
5143239,1,2
5143278,1,2
5143296,1,2
5143566,1,1
5143684,1,1
5143691,1,1
5143753,6,8
5143754,3,8
5143902,1,3
5143918,1,0
5143930,1,0
5143950,1,2
5144028,1,1
5144046,1,1
5144087,1,4
5144488,1,2
5144503,1,1
5144513,2,0
5144746,1,1
5145089,1,0
5145095,1,0
5145142,1,1
5145174,1,6
5145184,1,1
5145323,1,2
5145356,2,0
5145441,1,1
5145483,1,2
5145569,1,1
5145575,1,1
5145595,1,1
5145649,1,1
5145650,1,0
5145724,1,1
5145844,2,6
5145849,1,0
5145917,1,1
5145939,1,0
5145955,1,1
5145965,2,6
5146147,7,5
5146184,1,1
5146194,1,0
5146205,1,0
5146255,2,6
5146296,1,1
5146306,1,1
5146378,1,1
5146430,4,9
5146480,1,7
5146584,1,1
5146616,1,2
5146617,1,2
5146701,1,1
5146818,1,1
5147002,1,1
5147076,1,2
5147103,1,2
5147160,1,1
5147194,1,1
5147329,1,3
5147331,1,0
5147363,3,7
5147381,1,2
5147384,1,0
5147491,1,4
5147544,1,2
5147561,1,1
5147562,1,0
5147657,3,0
5147664,3,7
5147667,1,1
5147725,1,2
5147752,1,2
5147758,1,3
5147886,1,1
5148340,1,0
5148454,1,2
5148466,1,2
5148729,1,0
5148845,1,3
5148854,1,2
5148880,1,2
5148931,1,0
5148982,1,2
5149057,4,14
5149124,1,1
5149139,1,2
5149141,1,0
5149202,1,2
5149343,1,2
5149344,2,6
5149396,1,1
5149401,1,1
5149435,1,2
5149491,1,3
5149625,1,2
5149726,1,2
5149795,1,1
5149801,1,7
5149987,1,2
5150105,1,5
5150304,1,0
5150373,3,0
5150391,1,2
5150498,1,1
5150518,1,2
5150534,1,1
5150542,1,3
5150624,1,1
5150670,1,1
5150710,1,1
5150715,1,2
5150838,1,1
5150845,1,1
5150846,1,0
5150966,1,2
5151011,2,1
5151026,1,2
5151117,1,1
5151135,1,2
5151314,1,2
5151325,1,1
5151646,1,2
5151650,1,0
5151687,1,1
5151694,1,1
5151743,2,0
5151803,1,2
5151871,1,1
5151875,1,1
5152204,1,3
5152333,1,1
5152398,3,3
5152411,2,6
5152519,1,2
5152531,1,1
5152537,1,3
5152573,1,2
5152624,1,2
5152703,1,1
5152749,1,2
5152850,1,1
5152949,1,1
5153014,1,2
5153339,2,0
5153376,1,2
5153525,1,0
5153665,2,1
5153712,1,0
5153739,1,2
5153790,1,1
5153819,2,4
5153960,1,3
5153973,1,4
5154023,1,1
5154105,1,0
5154160,1,1
5154210,1,4
5154225,1,1
5154319,2,4
5154398,1,2
5154460,1,1
5154536,1,1
5154543,1,1
5154604,1,7
5154605,1,1
5154693,1,3
5154897,1,2
5155002,1,1
5155189,1,2
5155343,3,10
5155382,1,1
5155385,1,1
5155458,1,2
5155484,1,0
5155485,1,3
5155529,1,1
5155689,1,1
5155737,1,1
5155828,1,0
5155920,1,1
5156039,1,1
5156072,1,0
5156113,1,2
5156136,1,6
5156167,2,3
5156213,1,1
5156233,1,1
5156269,1,0
5156293,1,1
5156298,1,2
5156389,1,2
5156460,1,1
5156603,1,1
5156681,1,1
5156744,1,2
5156785,1,1
5156944,1,2
5157004,1,2
5157156,1,1
5157159,1,1
5157223,2,3
5157245,1,4
5157291,1,0
5157336,1,4
5157356,1,7
5157363,1,2
5157392,1,1
5157394,1,0
5157491,1,1
5157539,1,4
5157566,2,7
5157609,1,3
5157631,1,3
5157731,1,0
5157944,1,1
5157976,1,1
5157985,1,3
5157997,1,2
5158065,1,1
5158095,1,1
5158096,1,2
5158138,1,2
5158152,1,1
5158160,1,4
5158163,1,0
5158327,1,0
5158349,1,2
5158390,1,2
5158470,1,1
5158735,1,1
5158744,1,2
5158785,1,1
5158990,1,1
5159004,2,6
5159009,1,1
5159052,1,1
5159127,3,4
5159243,1,2
5159305,1,2
5159306,1,2
5159356,2,0
5159480,1,2
5159485,1,0
5159522,3,13
5159539,1,8
5159732,1,1
5159770,1,2
5159777,1,1
5159836,1,2
5159858,1,0
5159963,1,1
5160006,1,2
5160007,2,6
5160287,1,3
5160311,1,2
5160339,1,1
5160579,1,1
5160580,1,4
5160587,1,2
5160663,1,1
5160865,1,1
5160873,1,1
5160914,3,10
5160992,1,2
5161010,1,1
5161071,1,0
5161227,1,2
5161294,1,1
5161320,1,1
5161368,1,2
5161391,1,4
5161431,1,2
5161534,1,2
5161624,1,1
5161721,1,2
5161729,1,5
5161751,1,3
5161764,1,0
5161886,1,1
5161972,1,4
5161992,1,1
5162017,1,2
5162097,1,2
5162199,1,2
5162274,1,1
5162361,1,2
5162459,1,0
5162668,1,2
5162733,1,2
5162768,2,3
5162893,1,0
5163217,1,1
5163292,1,0
5163325,1,2
5163344,1,1
5163478,1,4
5163532,2,3
5163569,1,3
5163652,1,2
5163689,1,0
5163832,1,1
5163867,1,1
5163955,1,2
5163985,1,2
5164210,1,1
5164535,1,0
5164536,1,1
5164663,1,1
5164681,1,2
5164729,3,0
5164731,1,0
5164848,1,2
5164851,4,7
5164976,1,0
5165023,1,1
5165255,1,2
5165318,1,2
5165354,1,1
5165370,1,1
5165391,1,0
5165548,1,0
5165569,1,1
5165575,1,0
5165878,1,2
5165880,1,1
5165975,1,1
5166122,1,1
5166192,1,1
5166332,1,1
5166422,1,1
5166427,1,4
5166468,1,2
5166518,1,3
5166527,1,2
5166601,1,0
5166621,1,2
5166830,1,1
5166849,1,1
5166853,1,2
5166899,1,1
5167027,1,0
5167182,1,1
5167217,1,3
5167313,1,2
5167316,1,1
5167334,1,1
5167448,1,1
5167481,1,2
5167492,1,0
5167502,1,2
5167546,1,2
5167548,1,2
5167709,1,0
5167771,1,1
5167851,1,0
5167862,1,0
5167910,1,2
5167916,1,1
5167971,1,2
5168022,1,1
5168044,1,2
5168152,1,1
5168198,1,1
5168252,1,2
5168302,1,1
5168306,2,0
5168327,1,1
5168363,1,3
5168438,1,6
5168479,1,1
5168571,1,0
5168589,1,1
5168612,1,2
5168736,1,1
5168809,1,0
5168826,1,1
5168994,1,2
5169048,2,6
5169063,1,2
5169090,1,2
5169114,1,0
5169167,1,2
5169211,1,3
5169215,1,1
5169260,1,1
5169261,1,2
5169275,1,1
5169407,1,3
5169443,1,2
5169479,1,2
5169520,1,1
5169525,1,1
5169614,1,0
5169676,1,3
5169800,1,3
5169842,1,0
5170036,1,1
5170069,1,1
5170071,1,0
5170185,1,0
5170189,1,2
5170287,1,2
5170325,1,2
5170488,1,1
5170541,1,2
5170682,1,1
5170742,1,1
5170842,1,1
5170935,1,2
5171041,1,2
5171052,1,2
5171057,1,1
5171210,1,2
5171386,1,1
5171389,1,1
5171431,1,0
5171446,1,1
5171474,1,0
5171510,1,2
5171535,1,1
5171612,1,2
5171641,1,1
5171823,1,1
5171889,1,2
5171952,2,6
5172253,1,3
5172299,1,3
5172428,1,2
5172453,1,1
5172591,2,10
5172653,1,4
5172706,1,0
5172800,2,6
5172819,1,1
5172837,1,2
5172989,1,1
5173005,1,1
5173089,1,1
5173216,1,1
5173259,1,2
5173387,1,4
5173549,1,2
5173622,1,6
5173713,1,2
5173725,1,2
5173822,1,1
5173938,1,1
5174024,1,0
5174132,2,3
5174159,1,1
5174238,2,4
5174284,1,2
5174339,1,2
5174421,1,3
5174538,1,1
5174549,1,1
5174689,1,1
5174711,2,1
5174769,2,1
5174775,1,1
5174858,1,1
5174869,1,1
5174885,1,1
5174958,1,0
5175082,1,2
5175092,1,2
5175115,1,3
5175153,1,1
5175165,1,2
5175181,1,2
5175253,1,1
5175329,1,2
5175339,1,2
5175441,1,1
5175512,3,10
5175556,1,1
5175557,1,1
5175575,2,3
5175699,1,1
5175755,1,3
5175903,1,2
5175978,1,1
5176017,1,3
5176077,1,1
5176103,1,2
5176138,1,1
5176158,1,1
5176163,3,0
5176170,1,1
5176178,1,1
5176321,1,1
5176531,1,1
5176548,1,2
5176690,1,1
5176721,4,3
5176771,1,1
5176847,1,2
5176864,1,1
5176893,1,2
5177012,1,0
5177039,1,1
5177067,1,0
5177084,1,2
5177090,1,1
5177195,1,2
5177206,1,1
5177210,1,1
5177373,1,1
5177567,1,2
5177634,2,0
5177646,1,1
5177709,2,0
5177725,1,1
5177886,1,2
5177894,1,2
5178012,1,1
5178016,1,0
5178017,1,1
5178022,1,1
5178031,1,1
5178105,1,2
5178112,1,1
5178201,1,2
5178272,1,1
5178286,1,2
5178318,3,33
5178329,1,1
5178419,1,2
5178476,1,1
5178500,1,0
5178575,1,0
5178595,1,1
5178841,1,1
5178928,1,1
5179214,1,2
5179296,1,1
5179359,1,1
5179385,1,1
5179459,1,1
5179708,1,3
5179724,1,2
5179798,1,4
5179907,1,1
5179909,1,4
5179985,1,1
5180027,1,0
5180059,1,2
5180091,1,1
5180230,1,3
5180295,1,2
5180347,1,1
5180379,1,1
5180577,1,2
5180591,1,1
5180620,1,1
5180668,1,3
5180735,1,1
5180819,1,1
5180943,1,1
5180972,1,2
5180989,1,2
5181004,1,0
5181008,1,0
5181103,1,0
5181192,1,0
5181270,1,3
5181474,1,4
5181576,1,1
5181677,1,0
5181693,1,1
5181710,1,0
5181729,2,9
5181861,1,0
5181888,1,2
5182134,1,0
5182139,1,1
5182262,1,1
5182377,1,1
5182480,1,1
5182539,1,3
5182554,1,1
5182579,1,1
5182643,1,2
5182663,1,2
5182726,2,13
5182766,2,6
5182811,1,1
5182813,1,2
5182827,1,0
5182881,1,0
5182919,1,1
5182996,1,1
5183293,2,3
5183303,2,2
5183387,1,2
5183420,1,1
5183456,1,1
5183457,1,1
5183578,1,1
5183758,1,0
5183786,1,0
5183820,1,2
5183863,1,1
5183931,1,1
5183975,1,2
5184373,1,1
5184463,1,2
5184476,1,2
5184618,1,1
5184619,1,4
5184623,1,1
5184651,1,1
5184707,1,3
5184758,1,1
5184825,1,2
5184849,1,2
5185002,1,0
5185008,1,1
5185139,1,1
5185212,1,1
5185233,1,1
5185305,1,0
5185424,1,1
5185546,1,2
5185628,1,1
5185683,1,0
5185918,1,2
5186079,1,2
5186133,1,3
5186302,1,0
5186595,1,0
5186622,1,3
5186624,1,1
5186625,1,2
5186632,1,3
5186692,1,2
5186810,1,1
5186814,1,1
5186831,1,3
5186898,1,3
5187201,1,4
5187239,1,0
5187293,4,14
5187335,1,1
5187366,1,2
5187380,1,1
5187536,1,1
5187619,1,2
5187626,1,2
5187801,2,2
5187802,1,6
5187849,1,1
5188057,1,2
5188091,1,1
5188221,1,3
5188402,1,1
5188407,1,3
5188556,1,1
5188627,1,1
5188693,1,0
5188744,2,6
5188760,1,1
5188784,1,1
5188874,1,4
5188882,1,2
5188930,1,2
5189048,1,1
5189184,1,1
5189194,1,1
5189203,1,1
5189208,1,1
5189323,2,0
5189407,1,1
5189429,1,1
5189489,1,5
5189531,1,2
5189554,1,1
5189738,1,1
5190087,1,4
5190100,1,1
5190137,1,1
5190259,1,5
5190429,2,6
5190510,2,6
5190543,1,2
5190546,1,1
5190674,1,2
5190956,3,8
5190965,1,1
5191131,1,2
5191188,3,7
5191310,1,1
5191371,1,1
5191439,1,1
5191480,1,0
5191561,1,1
5191581,1,0
5191628,1,2
5191754,1,3
5191759,1,2
5191843,1,1
5191896,2,8
5192009,1,1
5192089,5,34
5192112,1,1
5192115,1,2
5192156,1,0
5192236,1,1
5192250,1,2
5192374,1,1
5192420,1,2
5192499,1,1
5192590,1,1
5192685,1,1
5192896,1,1
5193047,1,2
5193097,1,1
5193123,1,0
5193297,1,1
5193322,2,5
5193406,1,0
5193407,1,1
5193497,1,0
5193539,1,2
5193540,1,1
5193585,1,2
5193658,1,1
5193733,1,0
5193851,1,1
5193873,1,3
5193946,1,1
5193981,1,2
5194014,1,3
5194151,1,2
5194157,1,1
5194180,1,3
5194204,1,1
5194323,1,1
5194395,1,2
5194505,1,2
5194515,1,3
5194614,1,1
5194696,1,1
5194741,1,0
5194822,2,2
5194912,1,2
5195008,1,5
5195066,1,1
5195095,1,1
5195144,1,1
5195229,1,1
5195239,1,1
5195367,1,1
5195405,1,1
5195481,1,1
5195504,1,5
5195548,3,0
5195590,1,1
5195689,3,8
5195708,1,2
5195734,1,1
5195736,1,1
5195756,1,0
5195862,1,2
5195871,1,4
5195906,1,1
5195960,1,1
5196184,1,1
5196320,1,2
5196354,1,1
5196361,2,5
5196551,1,1
5196571,1,2
5196732,1,1
5196861,1,1
5196947,1,2
5196951,1,3
5196957,1,1
5197073,1,0
5197255,1,1
5197347,1,1
5197359,1,1
5197373,1,11
5197635,1,0
5197741,1,1
5197775,1,1
5197822,1,4
5197852,1,2
5198089,2,2
5198140,1,1
5198193,2,5
5198349,1,0
5198486,1,1
5198577,1,1
5198583,1,2
5198733,1,1
5198796,1,3
5199018,1,3
5199071,2,12
5199187,1,1
5199197,1,4
5199292,1,1
5199349,1,1
5199362,1,2
5199380,1,2
5199425,1,1
5199433,1,1
5199452,1,1
5199467,1,1
5199493,1,1
5199566,1,3
5199600,2,6
5199601,1,1
5199613,1,2
5199637,1,1
5199738,1,2
5199774,1,1
5199979,1,3
5199989,1,2
5200009,6,8
5200010,3,8
5200439,1,1
5200460,1,0
5200466,1,1
5200469,1,1
5200470,1,2
5200512,1,1
5200584,1,1
5200598,1,1
5200599,3,0
5200627,1,2
5200669,1,4
5200682,1,3
5200697,1,2
5200774,2,6
5200845,1,1
5200849,1,2
5200856,1,3
5200858,1,1
5200873,1,0
5200877,1,4
5201065,2,2
5201187,1,1
5201221,1,1
5201287,1,13
5201365,1,1
5201399,1,1
5201411,1,1
5201600,1,1
5201638,2,4
5201671,1,1
5201693,1,0
5201707,2,2
5201800,1,1
5201846,1,0
5201864,1,1
5201917,1,2
5202158,1,1
5202212,1,1
5202231,1,2
5202237,3,8
5202239,1,1
5202382,1,3
5202440,1,1
5202493,1,1
5202495,1,2
5202517,2,6
5202522,1,4
5202648,1,4
5202730,1,6
5202875,1,1
5202911,1,2
5203036,1,4
5203081,1,2
5203203,1,1
5203304,1,0
5203392,1,1
5203394,1,1
5203487,1,2
5203508,3,7
5203714,1,8
5204062,1,1
5204070,1,3
5204135,1,2
5204140,1,1
5204258,1,1
5204337,1,2
5204371,1,1
5204519,1,1
5204721,1,4
5204722,3,9
5204821,1,1
5204886,1,2
5204915,1,3
5205064,1,3
5205210,1,1
5205244,1,1
5205376,1,1
5205429,4,3
5205438,1,5
5205606,1,2
5205706,2,6
5205721,1,1
5205756,1,0
5205843,1,1
5206015,1,1
5206049,1,2
5206110,1,0
5206149,1,3
5206320,1,1
5206518,1,1
5206589,3,8
5206673,1,0
5206736,1,1
5206737,1,1
5206844,1,1
5206848,1,1
5206917,1,1
5206995,1,2
5207106,1,1
5207130,1,1
5207131,1,0
5207209,1,1
5207285,2,2
5207531,1,3
5207604,1,0
5207618,1,2
5207724,1,0
5207961,1,2
5207974,1,3
5207998,1,1
5208004,1,1
5208036,1,2
5208047,1,0
5208153,1,2
5208222,1,2
5208271,1,1
5208347,1,1
5208372,1,3
5208376,1,1
5208441,1,1
5208543,1,2
5208557,1,1
5208588,1,1
5208677,1,1
5208719,1,3
5208801,1,3
5208850,1,4
5209096,1,2
5209233,1,1
5209243,2,2
5209248,1,1
5209283,1,2
5209298,1,2
5209321,1,0
5209324,1,2
5209340,2,3
5209364,1,1
5209462,1,1
5209515,1,1
5209609,1,2
5209693,1,1
5209708,1,2
5209815,1,1
5209875,1,1
5209891,1,1
5209986,1,1
5209999,1,2
5210106,1,0
5210241,1,1
5210265,1,1
5210314,1,1
5210364,2,6
5210369,1,2
5210437,1,2
5210442,1,0
5210547,1,1
5210686,1,1
5210975,1,1
5211126,1,1
5211148,1,0
5211190,1,1
5211242,1,0
5211243,1,1
5211261,1,1
5211276,1,1
5211474,1,1
5211506,3,3
5211698,1,1
5211718,1,0
5211846,1,1
5211904,2,6
5211945,1,4
5211964,2,6
5212057,1,1
5212181,1,1
5212427,1,2
5212440,1,2
5212443,1,2
5212468,1,2
5212637,1,2
5212895,1,1
5213029,1,1
5213068,1,1
5213190,1,1
5213394,1,1
5213441,1,1
5213707,1,1
5213817,1,1
5213850,1,1
5214020,1,2
5214030,1,1
5214039,1,1
5214114,1,1
5214213,1,2
5214226,1,1
5214228,1,0
5214284,1,2
5214300,1,2
5214306,1,3
5214313,1,3
5214400,1,2
5214443,2,3
5214585,1,1
5214686,1,0
5214708,1,3
5214787,1,0
5214794,1,1
5214951,1,0
5214974,1,2
5215003,1,1
5215040,2,3
5215054,1,2
5215066,1,1
5215150,1,1
5215220,2,9
5215417,1,1
5215518,1,1
5215578,1,1
5215610,1,1
5215638,1,2
5215668,1,1
5215746,1,5
5215761,1,2
5215766,1,1
5215773,1,2
5215911,1,2
5215975,3,26
5215976,2,13
5216197,1,2
5216259,1,1
5216267,1,2
5216289,1,0
5216346,1,2
5216348,1,1
5216416,1,8
5216527,1,1
5216616,1,2
5216619,1,2
5216829,1,2
5216844,1,1
5216887,1,3
5216900,1,1
5216929,1,2
5217164,1,2
5217320,1,5
5217341,1,1
5217401,1,2
5217552,1,1
5217576,1,0
5217629,1,3
5217670,1,1
5217710,1,2
5217743,3,4
5217793,1,6
5217796,1,0
5217813,1,1
5217906,1,1
5217916,1,1
5217972,1,3
5218047,1,3
5218115,1,3
5218223,1,0
5218299,2,12
5218705,1,1
5218871,1,1
5218888,1,1
5218970,1,2
5219076,3,0
5219182,1,0
5219207,1,3
5219219,1,0
5219237,2,4
5219372,1,1
5219396,3,10
5219398,1,2
5219400,1,3
5219413,1,1
5219493,1,1
5219497,1,1
5219546,1,1
5219648,1,2
5219695,1,1
5219700,1,4
5219771,1,2
5219815,1,3
5219901,1,1
5219952,1,2
5219964,3,8
5219970,1,1
5220015,1,2
5220141,1,3
5220154,1,0
5220248,1,2
5220356,1,2
5220403,1,0
5220421,1,1
5220495,1,2
5220545,1,2
5220614,1,1
5220663,1,2
5220747,1,2
5220750,1,2
5220994,1,1
5221031,1,0
5221113,1,1
5221139,1,1
5221160,1,1
5221220,1,3
5221232,2,2
5221234,1,4
5221262,1,2
5221315,1,0
5221355,1,1
5221371,1,5
5221407,1,1
5221414,1,1
5221433,1,0
5221470,1,0
5221645,1,1
5221723,1,2
5221728,1,1
5221755,1,1
5222033,1,4
5222070,1,2
5222194,1,0
5222245,1,2
5222356,1,2
5222422,1,1
5222602,1,4
5222619,1,1
5222679,1,2
5222784,1,2
5222817,1,1
5222949,1,1
5222953,1,0
5223101,1,2
5223214,1,1
5223416,1,1
5223612,1,2
5223665,1,1
5223750,1,2
5223786,1,1
5223825,1,2
5223867,1,1
5223897,1,4
5223949,1,0
5223983,1,0
5224061,1,1
5224172,1,1
5224373,1,1
5224421,1,2
5224454,1,2
5224459,1,2
5224481,1,0
5224526,1,2
5224528,1,1
5224556,1,2
5224576,1,3
5224657,1,5
5224764,2,10
5224842,1,2
5224900,1,0
5225154,1,1
5225184,1,4
5225288,1,3
5225326,1,0
5225378,1,2
5225444,2,2
5225522,2,1
5225590,2,6
5225603,1,2
5225611,1,1
5225692,1,1
5225693,1,4
5225714,1,1
5225724,1,1
5225747,1,0
5225864,1,2
5225867,1,3
5225937,3,10
5226037,1,0
5226077,2,2
5226095,1,1
5226099,1,2
5226129,1,1
5226236,1,2
5226335,1,1
5226361,1,1
5226403,2,6
5226404,1,1
5226426,1,2
5226780,2,8
5226881,1,1
5227035,1,2
5227038,1,2
5227067,1,0
5227072,1,0
5227077,1,1
5227191,1,5
5227222,1,0
5227236,1,1
5227331,1,1
5227426,1,4
5227553,1,3
5227616,1,4
5227628,1,1
5227665,1,1
5227680,1,1
5227828,1,2
5227884,2,4
5227907,1,0
5227909,1,1
5227940,1,2
5227989,1,2
5228076,1,0
5228091,3,0
5228127,1,2
5228241,1,2
5228246,1,3
5228277,1,1
5228385,1,1
5228547,1,2
5228690,1,0
5228729,1,0
5228843,1,0
5228975,1,1
5228989,1,1
5229065,1,3
5229447,1,1
5229484,1,1
5229489,1,3
5229631,1,1
5229714,2,8
5229776,1,0
5229864,1,1
5230221,1,1
5230251,1,1
5230431,1,4
5230438,1,1
5230454,1,2
5230610,1,2
5230730,1,1
5230757,1,2
5230917,1,2
5231004,1,2
5231018,2,3
5231189,1,1
5231197,1,2
5231444,1,1
5231450,1,2
5231465,1,1
5231500,1,1
5231505,1,1
5231519,1,1
5231555,1,2
5231556,2,4
5231571,1,2
5231650,1,1
5231773,1,1
5231949,1,1
5231968,1,0
5231994,1,2
5231995,2,6
5232040,1,3
5232066,1,0
5232070,1,1
5232100,1,1
5232141,2,1
5232144,1,3
5232203,1,1
5232270,1,1
5232289,1,1
5232497,1,6
5232498,1,1
5232509,1,4
5232517,1,3
5232671,1,4
5232728,1,1
5232754,1,2
5232771,1,0
5232790,1,1
5232876,1,1
5232884,1,3
5232915,1,2
5233021,1,5
5233048,1,1
5233129,1,2
5233249,2,6
5233419,1,6
5233476,1,0
5233564,1,1
5233574,1,1
5233646,1,0
5233715,1,1
5233722,1,2
5233728,1,1
5233781,1,2
5233833,1,0
5233836,1,0
5233844,1,3
5233991,1,1
5234250,1,1
5234265,1,1
5234303,1,1
5234328,1,0
5234344,1,2
5234360,1,3
5234391,1,2
5234439,1,13
5234638,2,3
5234773,1,2
5234787,1,1
5234944,1,0
5234963,1,2
5235027,1,1
5235042,1,2
5235145,1,1
5235204,2,6
5235286,1,2
5235303,1,1
5235327,1,1
5235403,1,1
5235408,1,1
5235432,1,2
5235443,1,1
5235500,1,1
5235515,1,2
5235701,1,1
5235728,1,1
5235903,1,1
5236003,1,1
5236055,1,1
5236202,1,0
5236249,2,3
5236313,1,1
5236558,1,3
5236641,1,0
5236656,1,0
5236896,1,1
5236899,1,5
5237015,1,1
5237047,1,2
5237053,1,1
5237077,1,2
5237091,1,1
5237178,1,2
5237402,1,0
5237462,1,2
5237492,1,1
5237523,1,2
5237530,1,1
5237551,1,2
5237615,1,3
5237627,1,2
5237808,1,1
5237821,1,1
5237834,4,8
5238043,1,1
5238089,1,0
5238184,1,0
5238214,1,2
5238251,1,2
5238309,1,1
5238362,1,0
5238573,1,4
5238632,1,2
5238767,1,1
5238927,1,0
5238966,1,1
5239033,1,1
5239037,1,2
5239057,1,0
5239075,1,0
5239305,1,2
5239313,1,0
5239361,1,1
5239402,1,5
5239458,1,1
5239567,1,1
5239814,1,0
5240154,1,1
5240155,1,1
5240187,1,1
5240217,2,6
5240308,1,0
5240358,1,0
5240473,1,4
5240554,1,0
5240570,3,7
5240658,1,2
5240706,1,3
5240793,1,1
5240840,1,1
5241080,1,3
5241103,1,1
5241113,1,1
5241265,1,0
5241330,1,3
5241444,1,2
5241484,1,3
5241771,1,2
5241869,1,1
5241884,1,1
5241997,1,1
5242013,1,1
5242135,1,0
5242372,2,9
5242382,1,0
5242433,1,1
5242458,1,1
5242575,1,1
5242605,1,2
5242898,1,1
5242926,1,2
5242945,1,2
5242983,1,1
5242987,1,2
5243023,1,1
5243266,1,1
5243272,1,0
5243368,1,0
5243444,1,1
5243546,1,1
5243637,4,3
5243735,1,2
5243736,2,6
5243856,1,1
5243859,1,1
5244067,1,1
5244104,1,1
5244114,2,3
5244286,1,1
5244523,1,0
5244613,1,2
5244636,1,1
5244665,1,1
5244739,1,1
5244878,1,1
5244997,1,1
5245162,1,2
5245175,1,1
5245203,1,3
5245262,1,1
5245430,1,1
5245499,1,1
5245627,1,2
5245653,1,2
5245721,1,1
5245780,1,1
5246026,1,2
5246032,1,3
5246046,1,0
5246049,1,1
5246138,1,0
5246146,1,3
5246168,1,4
5246418,1,0
5246461,1,0
5246507,1,5
5246530,1,0
5246559,1,1
5246611,1,8
5246740,1,2
5246782,1,1
5246882,1,1
5246940,1,0
5247039,1,2
5247056,1,1
5247119,1,2
5247125,1,1
5247183,1,1
5247349,1,1
5247388,1,0
5247480,1,1
5247666,1,0
5247840,1,2
5247915,1,0
5248020,1,1
5248024,2,6
5248043,1,1
5248134,1,1
5248213,3,0
5248332,1,1
5248337,1,3
5248421,1,1
5248496,1,2
5248713,1,2
5248754,1,2
5248904,1,1
5248911,1,1
5248912,4,3
5248934,1,3
5248951,1,1
5249056,3,7
5249178,1,2
5249207,1,1
5249288,1,3
5249329,1,0
5249356,1,1
5249430,1,2
5249439,1,0
5249487,1,1
5249494,1,3
5249523,1,2
5249537,1,3
5249549,1,1
5249556,1,2
5249629,1,0
5249634,1,1
5249647,1,1
5249803,1,6
5249808,1,2
5249918,1,1
5249985,1,2
5250035,1,0
5250193,1,1
5250218,1,2
5250262,1,0
5250452,1,1
5250476,1,2
5250576,1,1
5250620,1,2
5250633,1,1
5250652,1,2
5250819,1,1
5250858,1,3
5250932,1,2
5250997,1,1
5251073,1,2
5251077,1,2
5251132,1,2
5251137,1,2
5251138,1,1
5251264,1,8
5251319,1,1
5251337,1,1
5251399,1,1
5251418,1,0
5251583,2,0
5251769,1,1
5251859,1,2
5251927,3,0
5252112,2,1
5252128,1,1
5252165,3,7
5252201,1,1
5252329,1,1
5252374,1,2
5252380,1,2
5252465,1,2
5252478,1,3
5252578,1,2
5252761,2,6
5252781,1,3
5252832,1,3
5252869,1,0
5252883,1,0
5252926,1,2
5252930,1,1
5252970,2,3
5253007,1,3
5253062,1,1
5253079,2,4
5253196,1,1
5253287,1,6
5253319,1,0
5253597,1,2
5253606,1,1
5253662,1,2
5253918,1,1
5254000,1,2
5254054,1,2
5254082,1,2
5254091,1,2
5254137,2,0
5254181,1,1
5254282,1,2
5254410,2,12
5254414,1,3
5254420,1,2
5254486,1,1
5254561,1,1
5254663,2,6
5254664,7,10
5254720,1,1
5254772,1,3
5254824,1,3
5254928,1,1
5255018,1,1
5255058,1,1
5255117,1,9
5255126,1,1
5255152,1,2
5255254,1,1
5255678,1,2
5255736,1,4
5255743,1,1
5255816,1,1
5255858,1,3
5255990,1,4
5255998,2,2
5256039,1,1
5256062,1,2
5256347,1,2
5256375,1,1
5256507,1,1
5256692,3,2
5256700,1,2
5256778,1,1
5256812,2,1
5256930,1,1
5256982,1,2
5257322,1,2
5257324,3,0
5257399,1,2
5257496,2,6
5257568,2,6
5257632,1,0
5257715,1,2
5257764,1,2
5257810,1,1
5257944,1,1
5257969,1,0
5258086,1,0
5258142,1,1
5258183,1,3
5258234,1,2
5258269,1,2
5258327,1,3
5258503,1,1
5258552,1,2
5258595,1,2
5258649,1,1
5258745,1,2
5258800,1,0
5258815,4,29
5258829,1,5
5258835,1,2
5258959,1,1
5259026,1,1
5259117,1,0
5259188,1,0
5259226,1,2
5259373,1,2
5259546,1,2
5259599,2,6
5259629,1,3
5259661,1,2
5259768,1,1
5259851,1,1
5259913,1,0
5259931,1,2
5259977,1,1
5260039,1,0
5260325,1,1
5260390,1,1
5260433,1,2
5260546,1,2
5260604,1,2
5260618,2,0
5260757,1,2
5260862,1,6
5261044,1,1
5261070,1,2
5261242,1,0
5261263,1,2
5261337,1,1
5261343,2,4
5261405,1,2
5261406,2,6
5261523,1,2
5261538,1,2
5261617,1,0
5261645,1,5
5261652,1,1
5261799,1,1
5261837,1,3
5261932,1,4
5261985,1,2
5262070,1,3
5262198,1,2
5262220,1,3
5262365,1,2
5262446,2,2
5262491,1,3
5262548,1,1
5262560,1,1
5262792,1,3
5262950,1,3
5262984,1,2
5263055,1,2
5263080,1,1
5263086,1,2
5263175,2,4
5263334,1,1
5263379,2,6
5263390,1,1
5263532,1,1
5263536,1,1
5263538,1,0
5263597,1,2
5263652,2,3
5263657,1,2
5263772,1,1
5263883,1,2
5264076,1,5
5264179,1,2
5264208,1,1
5264211,1,0
5264232,1,1
5264274,1,4
5264462,1,1
5264585,1,2
5264588,1,1
5264642,1,1
5264690,1,1
5264704,1,1
5264822,1,2
5264872,1,0
5264886,1,1
5264934,1,1
5264977,1,3
5265044,2,3
5265046,3,10
5265109,1,1
5265145,1,2
5265151,2,1
5265152,3,8
5265232,1,1
5265242,1,3
5265331,2,6
5265415,1,1
5265470,1,1
5265487,1,0
5265542,1,2
5265612,1,2
5265621,1,2
5265626,1,2
5265633,1,2
5265706,1,1
5265822,1,2
5266302,3,0
5266313,1,1
5266320,1,0
5266384,1,2
5266386,1,6
5266399,1,1
5266534,1,1
5266599,2,6
5266710,1,1
5266795,1,0
5266824,1,2
5266840,1,1
5266954,1,0
5266976,2,6
5267006,1,6
5267043,1,1
5267055,1,6
5267071,1,6
5267194,1,1
5267227,1,2
5267301,1,0
5267347,1,3
5267372,1,1
5267458,1,1
5267522,1,3
5267668,1,1
5267676,1,0
5267712,1,2
5267795,1,2
5267835,1,1
5267987,1,1
5268080,1,0
5268132,1,1
5268165,1,1
5268208,1,1
5268338,1,1
5268339,1,3
5268401,2,6
5268445,1,1
5268457,1,1
5268514,1,1
5268543,1,1
5268547,1,1
5268724,1,2
5268727,1,1
5268744,1,2
5269083,1,4
5269184,1,3
5269190,1,1
5269207,1,2
5269296,1,2
5269371,1,0
5269434,1,2
5269456,1,1
5269555,1,3
5269560,1,1
5269566,7,36
5269644,1,2
5269707,1,0
5269751,1,4
5269774,1,1
5269914,1,1
5269969,1,0
5270025,1,1
5270067,1,0
5270100,1,2
5270174,2,6
5270196,1,1
5270247,1,0
5270271,1,1
5270290,1,2
5270357,1,2
5270409,2,13
5270431,1,1
5270549,1,2
5270573,1,1
5270581,1,1
5270614,1,2
5270705,1,1
5271014,1,1
5271105,1,1
5271126,1,2
5271136,1,3
5271203,4,4
5271241,1,0
5271278,1,1
5271477,1,3
5271505,1,1
5271523,1,2
5271525,1,1
5271551,1,0
5271571,1,2
5271673,2,3
5271770,1,1
5271792,2,2
5271802,1,3
5271851,1,3
5271966,1,1
5272001,1,1
5272287,1,1
5272328,3,7
5272372,2,3
5272385,1,1
5272433,1,3
5272601,1,1
5272661,1,1
5272801,1,1
5272849,1,2
5273022,1,1
5273049,1,4
5273072,1,1
5273111,2,6
5273176,2,2
5273266,1,0
5273311,1,3
5273348,1,1
5273364,1,2
5273568,1,5
5273632,1,1
5273637,1,1
5273642,1,1
5273658,1,0
5273692,1,2
5273875,1,1
5273926,1,0
5273934,1,2
5274073,1,3
5274099,1,4
5274122,2,2
5274162,4,9
5274169,1,2
5274314,1,1
5274340,1,2
5274364,2,6
5274379,1,1
5274528,1,2
5274717,1,1
5274731,1,1
5274798,1,0
5274802,1,0
5274806,3,1
5274815,1,1
5274871,7,5
5274888,1,1
5274934,1,1
5275074,1,1
5275091,1,0
5275133,1,1
5275180,1,1
5275193,1,2
5275266,1,0
5275469,1,4
5275484,1,2
5275527,1,1
5275643,1,1
5275714,1,1
5275929,1,0
5275971,1,1
5275977,1,0
5275983,1,1
5276057,1,3
5276156,2,1
5276176,1,0
5276287,1,1
5276311,1,1
5276491,1,0
5276542,1,1
5276582,1,3
5276634,4,14
5276705,1,1
5276730,1,2
5276731,1,1
5276762,1,2
5276902,1,1
5276913,1,0
5277072,1,1
5277090,1,0
5277199,1,3
5277350,1,1
5277367,6,12
5277381,1,2
5277468,2,0
5277487,1,4
5277524,2,1
5277659,1,2
5277740,1,0
5277826,5,17
5277827,2,8
5277850,1,1
5277886,1,1
5277920,12,34
5277990,1,1
5278280,1,1
5278299,1,1
5278392,1,1
5278418,1,1
5278437,1,0
5278523,1,3
5278552,1,0
5278725,1,0
5278804,1,1
5278846,1,0
5278856,1,3
5278888,1,1
5278959,1,2
5278973,1,0
5278989,1,1
5279030,1,1
5279032,1,0
5279082,1,0
5279220,1,1
5279251,1,1
5279402,1,1
5279410,2,1
5279488,1,1
5279578,1,2
5279645,1,3
5279712,3,0
5279863,1,3
5279940,1,1
5279974,1,1
5280215,1,1
5280428,1,1
5280494,1,2
5280495,1,1
5280543,1,0
5280798,1,0
5280883,1,1
5281004,1,1
5281046,1,2
5281090,1,1
5281141,1,4
5281345,1,1
5281473,1,2
5281560,2,3
5281575,1,4
5281623,1,2
5281676,1,4
5281751,1,1
5281884,2,2
5281892,1,2
5281919,3,0
5281927,1,3
5281938,1,0
5281968,1,1
5282025,1,6
5282049,1,1
5282157,1,2
5282249,1,1
5282262,1,1
5282309,4,3
5282313,1,2
5282450,1,1
5282589,1,1
5282616,2,2
5282653,1,3
5282855,1,0
5282897,1,0
5282899,1,2
5283041,1,1
5283049,1,0
5283105,1,3
5283308,1,1
5283405,1,0
5283457,1,3
5283477,1,3
5283508,1,2
5283539,1,2
5283562,2,1
5283663,1,1
5283667,1,1
5283668,1,0
5283714,1,0
5283734,1,3
5283796,1,1
5283832,1,0
5284057,1,1
5284076,1,1
5284215,1,1
5284243,1,3
5284341,1,2
5284548,1,1
5284616,3,7
5284660,1,0
5284671,2,14
5284697,1,1
5284787,1,0
5284809,1,0
5284813,1,1
5284891,1,2
5285046,1,1
5285063,2,6
5285081,1,3
5285150,1,1
5285165,1,1
5285284,1,0
5285409,1,0
5285493,1,3
5285567,1,1
5285659,1,1
5285779,1,2
5285849,1,1
5285904,1,1
5285928,1,4
5285936,1,1
5285978,1,1
5285982,1,1
5286037,1,1
5286155,1,0
5286257,1,1
5286468,1,2
5286473,1,1
5286532,1,3
5286559,1,0
5286721,1,1
5286722,1,2
5286756,1,1
5286781,1,2
5286822,1,1
5286829,1,1
5286958,1,2
5287001,1,1
5287035,1,8
5287045,1,2
5287058,1,1
5287074,1,2
5287236,1,2
5287400,1,0
5287414,1,1
5287635,1,2
5287651,1,1
5287671,1,5
5287696,1,1
5287796,1,2
5287823,1,2
5287845,1,0
5287863,1,0
5287875,1,1
5288076,2,6
5288121,1,1
5288136,1,1
5288137,1,2
5288206,1,2
5288241,1,1
5288368,1,3
5288444,1,1
5288446,1,1
5288470,1,1
5288481,1,0
5288535,1,2
5288539,1,1
5288547,1,1
5288553,1,6
5288560,1,0
5288563,1,3
5288578,1,0
5288749,1,1
5288798,3,4
5288877,1,1
5288879,1,4
5288880,1,0
5288965,1,0
5289032,1,1
5289034,1,3
5289077,1,0
5289276,1,2
5289371,1,0
5289446,1,1
5289467,2,0
5289573,1,2
5289643,2,4
5289650,1,1
5289668,1,1
5289811,1,1
5289821,1,5
5289883,1,1
5289983,2,1
5290066,1,2
5290073,1,1
5290128,1,1
5290189,1,1
5290235,1,2
5290361,1,0
5290424,1,1
